// PicoBoy boot splash - 160x160 RGB565 (native uint16, matches st7789 convention)
// Generated from logo master (1254x1254) via LANCZOS downscale, dark bg keyed to black.
#include "splash.h"

const uint16_t picoboy_splash[SPLASH_W * SPLASH_H] = {
    0x0000, 0x0000, 0x0000, 0x0000, 0x0000, 0x0000, 0x0000, 0x0000, 0x0000, 0x0000, 0x0000, 0x0000,
    0x0000, 0x0000, 0x0000, 0x0000, 0x0000, 0x0000, 0x0000, 0x0000, 0x0000, 0x0000, 0x0000, 0x0000,
    0x0000, 0x0000, 0x0000, 0x0000, 0x0000, 0x0000, 0x0000, 0x0000, 0x0000, 0x0000, 0x0000, 0x0000,
    0x0000, 0x0000, 0x0000, 0x0000, 0x0000, 0x0000, 0x0000, 0x0000, 0x0000, 0x0000, 0x0000, 0x0000,
    0x0000, 0x0000, 0x0000, 0x0000, 0x0000, 0x0000, 0x0000, 0x0000, 0x0000, 0x0000, 0x0000, 0x0000,
    0x0000, 0x0000, 0x0000, 0x0000, 0x0000, 0x0000, 0x0000, 0x0000, 0x0000, 0x0000, 0x0000, 0x0000,
    0x0000, 0x0000, 0x0000, 0x0000, 0x0000, 0x0000, 0x0000, 0x0000, 0x0000, 0x0000, 0x0000, 0x0000,
    0x0000, 0x0000, 0x0000, 0x0000, 0x0000, 0x0000, 0x0000, 0x0000, 0x0000, 0x0000, 0x0000, 0x0000,
    0x0000, 0x0000, 0x0000, 0x0000, 0x0000, 0x0000, 0x0000, 0x0000, 0x0000, 0x0000, 0x0000, 0x0000,
    0x0000, 0x0000, 0x0000, 0x0000, 0x0000, 0x0000, 0x0000, 0x0000, 0x0000, 0x0000, 0x0000, 0x0000,
    0x0000, 0x0000, 0x0000, 0x0000, 0x0000, 0x0000, 0x0000, 0x0000, 0x0000, 0x0000, 0x0000, 0x0000,
    0x0000, 0x0000, 0x0000, 0x0000, 0x0000, 0x0000, 0x0000, 0x0000, 0x0000, 0x0000, 0x0000, 0x0000,
    0x0000, 0x0000, 0x0000, 0x0000, 0x0000, 0x0000, 0x0000, 0x0000, 0x0000, 0x0000, 0x0000, 0x0000,
    0x0000, 0x0000, 0x0000, 0x0000, 0x0000, 0x0000, 0x0000, 0x0000, 0x0000, 0x0000, 0x0000, 0x0000,
    0x0000, 0x0000, 0x0000, 0x0000, 0x0000, 0x0000, 0x0000, 0x0000, 0x0000, 0x0000, 0x0000, 0x0000,
    0x0000, 0x0000, 0x0000, 0x0000, 0x0000, 0x0000, 0x0000, 0x0000, 0x0000, 0x0000, 0x0000, 0x0000,
    0x0000, 0x0000, 0x0000, 0x0000, 0x0000, 0x0000, 0x0000, 0x0000, 0x0000, 0x0000, 0x0000, 0x0000,
    0x0000, 0x0000, 0x0000, 0x0000, 0x0000, 0x0000, 0x0000, 0x0000, 0x0000, 0x0000, 0x0000, 0x0000,
    0x0000, 0x0000, 0x0000, 0x0000, 0x0000, 0x0000, 0x0000, 0x0000, 0x0000, 0x0000, 0x0000, 0x0000,
    0x0000, 0x0000, 0x0000, 0x0000, 0x0000, 0x0000, 0x0000, 0x0000, 0x0000, 0x0000, 0x0000, 0x0000,
    0x0000, 0x0000, 0x0000, 0x0000, 0x0000, 0x0000, 0x0000, 0x0000, 0x0000, 0x0000, 0x0000, 0x0000,
    0x0000, 0x0000, 0x0000, 0x0000, 0x0000, 0x0000, 0x0000, 0x0000, 0x0000, 0x0000, 0x0000, 0x0000,
    0x0000, 0x0000, 0x0000, 0x0000, 0x0000, 0x0000, 0x0000, 0x0000, 0x0000, 0x0000, 0x0000, 0x0000,
    0x0000, 0x0000, 0x0000, 0x0000, 0x0000, 0x0000, 0x0000, 0x0000, 0x0000, 0x0000, 0x0000, 0x0000,
    0x0000, 0x0000, 0x0000, 0x0000, 0x0000, 0x0000, 0x0000, 0x0000, 0x0000, 0x0000, 0x0000, 0x0000,
    0x0000, 0x0000, 0x0000, 0x0000, 0x0000, 0x0000, 0x0000, 0x0000, 0x0000, 0x0000, 0x0000, 0x0000,
    0x0000, 0x0000, 0x0000, 0x0000, 0x0000, 0x0000, 0x0000, 0x0000, 0x0000, 0x0000, 0x0000, 0x0000,
    0x0000, 0x0000, 0x0000, 0x0000, 0x0000, 0x0000, 0x0000, 0x0000, 0x0000, 0x0000, 0x0000, 0x0000,
    0x0000, 0x0000, 0x0000, 0x0000, 0x0000, 0x0000, 0x0000, 0x0000, 0x0000, 0x0000, 0x0000, 0x0000,
    0x0000, 0x0000, 0x0000, 0x0000, 0x0000, 0x0000, 0x0000, 0x0000, 0x0000, 0x0000, 0x0000, 0x0000,
    0x0000, 0x0000, 0x0000, 0x0000, 0x0000, 0x0000, 0x0000, 0x0000, 0x0000, 0x0000, 0x0000, 0x0000,
    0x0000, 0x0000, 0x0000, 0x0000, 0x0000, 0x0000, 0x0000, 0x0000, 0x0000, 0x0000, 0x0000, 0x0000,
    0x0000, 0x0000, 0x0000, 0x0000, 0x0000, 0x0000, 0x0000, 0x0000, 0x0000, 0x0000, 0x0000, 0x0000,
    0x0000, 0x0000, 0x0000, 0x0000, 0x0000, 0x0000, 0x0000, 0x0000, 0x0000, 0x0000, 0x0000, 0x0000,
    0x0000, 0x0000, 0x0000, 0x0000, 0x0000, 0x0000, 0x0000, 0x0000, 0x0000, 0x0000, 0x0000, 0x0000,
    0x0000, 0x0000, 0x0000, 0x0000, 0x0000, 0x0000, 0x0000, 0x0000, 0x0000, 0x0000, 0x0000, 0x0000,
    0x0000, 0x0000, 0x0000, 0x0000, 0x0000, 0x0000, 0x0000, 0x0000, 0x0000, 0x0000, 0x0000, 0x0000,
    0x0000, 0x0000, 0x0000, 0x0000, 0x0000, 0x0000, 0x0000, 0x0000, 0x0000, 0x0000, 0x0000, 0x0000,
    0x0000, 0x0000, 0x0000, 0x0000, 0x0000, 0x0000, 0x0000, 0x0000, 0x0000, 0x0000, 0x0000, 0x0000,
    0x0000, 0x0000, 0x0000, 0x0000, 0x0000, 0x0000, 0x0000, 0x0000, 0x0000, 0x0000, 0x0000, 0x0000,
    0x0000, 0x0000, 0x0000, 0x0000, 0x0000, 0x0000, 0x0000, 0x0000, 0x0000, 0x0000, 0x0000, 0x0000,
    0x0000, 0x0000, 0x0000, 0x0000, 0x0000, 0x0000, 0x0000, 0x0000, 0x0000, 0x0000, 0x0000, 0x0000,
    0x0000, 0x0000, 0x0000, 0x0000, 0x0000, 0x0000, 0x0000, 0x0000, 0x0000, 0x0000, 0x0000, 0x0000,
    0x0000, 0x0000, 0x0000, 0x0000, 0x0000, 0x0000, 0x0000, 0x0000, 0x0000, 0x0000, 0x0000, 0x0000,
    0x0000, 0x0000, 0x0000, 0x0000, 0x0000, 0x0000, 0x0000, 0x0000, 0x0000, 0x0000, 0x0000, 0x0000,
    0x0000, 0x0000, 0x0000, 0x0000, 0x0000, 0x0000, 0x0000, 0x0000, 0x0000, 0x0000, 0x0000, 0x0000,
    0x0000, 0x0000, 0x0000, 0x0000, 0x0000, 0x0000, 0x0000, 0x0000, 0x0000, 0x0000, 0x0000, 0x0000,
    0x0000, 0x0000, 0x0000, 0x0000, 0x0000, 0x0000, 0x0000, 0x0000, 0x0000, 0x0000, 0x0000, 0x0000,
    0x0000, 0x0000, 0x0000, 0x0000, 0x0000, 0x0000, 0x0000, 0x0000, 0x0000, 0x0000, 0x0000, 0x0000,
    0x0000, 0x0000, 0x0000, 0x0000, 0x0000, 0x0000, 0x0000, 0x0000, 0x0000, 0x0000, 0x0000, 0x0000,
    0x0000, 0x0000, 0x0000, 0x0000, 0x0000, 0x0000, 0x0000, 0x0000, 0x0000, 0x0000, 0x0000, 0x0000,
    0x0000, 0x0000, 0x0000, 0x0000, 0x0000, 0x0000, 0x0000, 0x0000, 0x0000, 0x0000, 0x0000, 0x0000,
    0x0000, 0x0000, 0x0000, 0x0000, 0x0000, 0x0000, 0x0000, 0x0000, 0x0000, 0x0000, 0x0000, 0x0000,
    0x0000, 0x0000, 0x0000, 0x0000, 0x0000, 0x0000, 0x0000, 0x0000, 0x0000, 0x0000, 0x0000, 0x0000,
    0x0000, 0x0000, 0x0000, 0x0000, 0x0000, 0x0000, 0x0000, 0x0000, 0x0000, 0x0000, 0x0000, 0x0000,
    0x0000, 0x0000, 0x0000, 0x0000, 0x0000, 0x0000, 0x0000, 0x0000, 0x0000, 0x0000, 0x0000, 0x0000,
    0x0000, 0x0000, 0x0000, 0x0000, 0x0000, 0x0000, 0x0000, 0x0000, 0x0000, 0x0000, 0x0000, 0x0000,
    0x0000, 0x0000, 0x0000, 0x0000, 0x0000, 0x0000, 0x0000, 0x0000, 0x0000, 0x0000, 0x0000, 0x0000,
    0x0000, 0x0000, 0x0000, 0x0000, 0x0000, 0x0000, 0x0000, 0x0000, 0x0000, 0x0000, 0x0000, 0x0000,
    0x0000, 0x0000, 0x0000, 0x0000, 0x0000, 0x0000, 0x0000, 0x0000, 0x0000, 0x0000, 0x0000, 0x0000,
    0x0000, 0x0000, 0x0000, 0x0000, 0x0000, 0x0000, 0x0000, 0x0000, 0x0000, 0x0000, 0x0000, 0x0000,
    0x0000, 0x0000, 0x0000, 0x0000, 0x0000, 0x0000, 0x0000, 0x0000, 0x0000, 0x0000, 0x0000, 0x0000,
    0x0000, 0x0000, 0x0000, 0x0000, 0x0000, 0x0000, 0x0000, 0x0000, 0x0000, 0x0000, 0x0000, 0x0000,
    0x0000, 0x0000, 0x0000, 0x0000, 0x0000, 0x0000, 0x0000, 0x0000, 0x0000, 0x0000, 0x0000, 0x0000,
    0x0000, 0x0000, 0x0000, 0x0000, 0x0000, 0x0000, 0x0000, 0x0000, 0x0000, 0x0000, 0x0000, 0x0000,
    0x0000, 0x0000, 0x0000, 0x0000, 0x0000, 0x0000, 0x0000, 0x0000, 0x0000, 0x0000, 0x0000, 0x0000,
    0x0000, 0x0000, 0x0000, 0x0000, 0x0000, 0x0000, 0x0000, 0x0000, 0x0000, 0x0000, 0x0000, 0x0000,
    0x0000, 0x0000, 0x0000, 0x0000, 0x0000, 0x0000, 0x0000, 0x0000, 0x0000, 0x0000, 0x0000, 0x0000,
    0x0000, 0x0000, 0x0000, 0x0000, 0x0000, 0x0000, 0x0000, 0x0000, 0x0000, 0x0000, 0x0000, 0x0000,
    0x0000, 0x0000, 0x0000, 0x0000, 0x0000, 0x0000, 0x0000, 0x0000, 0x0000, 0x0000, 0x0000, 0x0000,
    0x0000, 0x0000, 0x0000, 0x0000, 0x0000, 0x0000, 0x0000, 0x0000, 0x0000, 0x0000, 0x0000, 0x0000,
    0x0000, 0x0000, 0x0000, 0x0000, 0x0000, 0x0000, 0x0000, 0x0000, 0x0000, 0x0000, 0x0000, 0x0000,
    0x0000, 0x0000, 0x0000, 0x0000, 0x0000, 0x0000, 0x0000, 0x0000, 0x0000, 0x0000, 0x0000, 0x0000,
    0x0000, 0x0000, 0x0000, 0x0000, 0x0000, 0x0000, 0x0000, 0x0000, 0x0000, 0x0000, 0x0000, 0x0000,
    0x0000, 0x0000, 0x0000, 0x0000, 0x0000, 0x0000, 0x0000, 0x0000, 0x0000, 0x0000, 0x0000, 0x0000,
    0x0000, 0x0000, 0x0000, 0x0000, 0x0000, 0x0000, 0x0000, 0x0000, 0x0000, 0x0000, 0x0000, 0x0000,
    0x0000, 0x0000, 0x0000, 0x0000, 0x0000, 0x0000, 0x0000, 0x0000, 0x0000, 0x0000, 0x0000, 0x0000,
    0x0000, 0x0000, 0x0000, 0x0000, 0x0000, 0x0000, 0x0000, 0x0000, 0x0000, 0x0000, 0x0000, 0x0000,
    0x0000, 0x0000, 0x0000, 0x0000, 0x0000, 0x0000, 0x0000, 0x0000, 0x0000, 0x0000, 0x0000, 0x0000,
    0x0000, 0x0000, 0x0000, 0x0000, 0x0000, 0x0000, 0x0000, 0x0000, 0x0000, 0x0000, 0x0000, 0x0000,
    0x0000, 0x0000, 0x0000, 0x0000, 0x0000, 0x0000, 0x0000, 0x0000, 0x0000, 0x0000, 0x0000, 0x0000,
    0x0000, 0x0000, 0x0000, 0x0000, 0x0000, 0x0000, 0x0000, 0x0000, 0x0000, 0x0000, 0x0000, 0x0000,
    0x0000, 0x0000, 0x0000, 0x0000, 0x0000, 0x0000, 0x0000, 0x0000, 0x0000, 0x0000, 0x0000, 0x0000,
    0x0000, 0x0000, 0x0000, 0x0000, 0x0000, 0x0000, 0x0000, 0x0000, 0x0000, 0x0000, 0x0000, 0x0000,
    0x0000, 0x0000, 0x0000, 0x0000, 0x0000, 0x0000, 0x0000, 0x0000, 0x0000, 0x0000, 0x0000, 0x0000,
    0x0000, 0x0000, 0x0000, 0x0000, 0x0000, 0x0000, 0x0000, 0x0000, 0x0000, 0x0000, 0x0000, 0x0000,
    0x0000, 0x0000, 0x0000, 0x0000, 0x0000, 0x0000, 0x0000, 0x2027, 0x2046, 0x0000, 0x0000, 0x0000,
    0x0000, 0x0000, 0x0000, 0x0000, 0x0000, 0x0000, 0x0000, 0x0000, 0x0000, 0x0000, 0x0000, 0x0000,
    0x0000, 0x0000, 0x0000, 0x0000, 0x0000, 0x0000, 0x0000, 0x0000, 0x0000, 0x0000, 0x0000, 0x0000,
    0x0000, 0x0000, 0x0000, 0x0000, 0x0000, 0x0000, 0x0000, 0x0000, 0x0000, 0x0000, 0x0000, 0x0000,
    0x0000, 0x0000, 0x0000, 0x0000, 0x0000, 0x0000, 0x0000, 0x0000, 0x0000, 0x0000, 0x0000, 0x0000,
    0x0000, 0x0000, 0x0000, 0x0000, 0x0000, 0x0000, 0x0000, 0x0000, 0x0000, 0x0000, 0x0000, 0x0000,
    0x0000, 0x0000, 0x0000, 0x0000, 0x0000, 0x0000, 0x0000, 0x0000, 0x0000, 0x0000, 0x0000, 0x0000,
    0x0000, 0x0000, 0x0000, 0x0000, 0x0000, 0x0000, 0x0000, 0x0000, 0x0000, 0x0000, 0x0000, 0x0000,
    0x0000, 0x0000, 0x0000, 0x0000, 0x0000, 0x0000, 0x0000, 0x0000, 0x0000, 0x0000, 0x0000, 0x0000,
    0x0000, 0x0000, 0x0000, 0x0000, 0x0000, 0x0000, 0x0000, 0x0000, 0x0000, 0x0000, 0x0000, 0x0000,
    0x0000, 0x0000, 0x0000, 0x0000, 0x0000, 0x0000, 0x0000, 0x0000, 0x0000, 0x0000, 0x0000, 0x0000,
    0x0000, 0x0000, 0x0000, 0x0000, 0x0000, 0x0000, 0x0000, 0x0000, 0x0000, 0x0000, 0x0000, 0x0000,
    0x0000, 0x0000, 0x0000, 0x0000, 0x0000, 0x0000, 0x0000, 0x0000, 0x0000, 0x0000, 0x0000, 0x0000,
    0x0000, 0x0000, 0x0000, 0x0000, 0x0000, 0x0000, 0x0000, 0x0000, 0x0000, 0x0000, 0x0000, 0x504D,
    0x586D, 0x0000, 0x0000, 0x0000, 0x0000, 0x0000, 0x0000, 0x0000, 0x0000, 0x0000, 0x0000, 0x0000,
    0x0000, 0x0000, 0x0000, 0x0000, 0x0000, 0x0000, 0x0000, 0x0000, 0x0000, 0x0000, 0x0000, 0x0000,
    0x0000, 0x0000, 0x0000, 0x0000, 0x0000, 0x0000, 0x0000, 0x0000, 0x0000, 0x0000, 0x0000, 0x0000,
    0x0000, 0x0000, 0x0000, 0x0000, 0x0000, 0x0000, 0x0000, 0x0000, 0x0000, 0x0000, 0x0000, 0x0000,
    0x0000, 0x0000, 0x0000, 0x0000, 0x0000, 0x0000, 0x0000, 0x0000, 0x0000, 0x0000, 0x0000, 0x0000,
    0x0000, 0x0000, 0x0000, 0x0000, 0x0000, 0x0000, 0x0000, 0x0000, 0x0000, 0x0000, 0x0000, 0x0000,
    0x0000, 0x0000, 0x0000, 0x0000, 0x0000, 0x0000, 0x0000, 0x0000, 0x0000, 0x0000, 0x0000, 0x0000,
    0x0000, 0x0000, 0x0000, 0x0000, 0x0000, 0x0000, 0x0000, 0x0000, 0x0000, 0x0000, 0x0000, 0x0000,
    0x0000, 0x0000, 0x0000, 0x0000, 0x0000, 0x0000, 0x0000, 0x0000, 0x0000, 0x0000, 0x0000, 0x0000,
    0x0000, 0x0000, 0x0000, 0x0000, 0x0000, 0x0000, 0x0000, 0x0000, 0x0000, 0x0000, 0x0000, 0x0000,
    0x0000, 0x0000, 0x0000, 0x0000, 0x0000, 0x0000, 0x0000, 0x0000, 0x0000, 0x0000, 0x0000, 0x0000,
    0x0000, 0x0000, 0x0000, 0x0000, 0x0000, 0x0000, 0x0000, 0x0000, 0x0000, 0x0000, 0x0000, 0x0000,
    0x0000, 0x0000, 0x0000, 0x0000, 0x0000, 0x0000, 0x0000, 0x0000, 0x0000, 0x0000, 0x0000, 0x0000,
    0x0000, 0x0000, 0x0000, 0x7893, 0x88F3, 0x0000, 0x0000, 0x0000, 0x0000, 0x0000, 0x0000, 0x0000,
    0x0000, 0x0000, 0x0000, 0x0000, 0x0000, 0x0000, 0x0000, 0x0000, 0x0000, 0x0000, 0x0000, 0x0000,
    0x0000, 0x0000, 0x0000, 0x0000, 0x0000, 0x0000, 0x0000, 0x0000, 0x0000, 0x0000, 0x0000, 0x0000,
    0x0000, 0x0000, 0x0000, 0x0000, 0x0000, 0x0000, 0x0000, 0x0000, 0x0000, 0x0000, 0x0000, 0x0000,
    0x0000, 0x0000, 0x0000, 0x0000, 0x0000, 0x0000, 0x0000, 0x0000, 0x0000, 0x0000, 0x0000, 0x0000,
    0x0000, 0x0000, 0x0000, 0x0000, 0x0000, 0x0000, 0x0000, 0x0000, 0x0000, 0x0000, 0x0000, 0x0000,
    0x0000, 0x0000, 0x0000, 0x0000, 0x0000, 0x0000, 0x0000, 0x0000, 0x0000, 0x0000, 0x0000, 0x0000,
    0x0000, 0x0000, 0x0000, 0x0000, 0x0000, 0x0000, 0x0000, 0x0000, 0x0000, 0x0000, 0x0000, 0x0000,
    0x0000, 0x0000, 0x0000, 0x0000, 0x0000, 0x0000, 0x0000, 0x0000, 0x0000, 0x0000, 0x0000, 0x0000,
    0x0000, 0x0000, 0x0000, 0x0000, 0x0000, 0x0000, 0x0000, 0x0000, 0x0000, 0x0000, 0x0000, 0x0000,
    0x0000, 0x0000, 0x0000, 0x0000, 0x0000, 0x0000, 0x0000, 0x0000, 0x0000, 0x0000, 0x0000, 0x0000,
    0x0000, 0x0000, 0x0000, 0x0000, 0x0000, 0x0000, 0x0000, 0x0000, 0x0000, 0x0000, 0x0000, 0x0000,
    0x0000, 0x0000, 0x0000, 0x0000, 0x0000, 0x0000, 0x0000, 0x0000, 0x0000, 0x0000, 0x0000, 0x0000,
    0x0000, 0x0000, 0x0000, 0x0000, 0x0000, 0x0000, 0x0000, 0x90D7, 0xB158, 0x0000, 0x0000, 0x0000,
    0x0000, 0x0000, 0x0000, 0x0000, 0x0000, 0x0000, 0x0000, 0x0000, 0x0000, 0x0000, 0x0000, 0x0000,
    0x0000, 0x0000, 0x0000, 0x0000, 0x0000, 0x0000, 0x0000, 0x0000, 0x0000, 0x0000, 0x0000, 0x0000,
    0x0000, 0x0000, 0x0000, 0x0000, 0x0000, 0x0000, 0x0000, 0x0000, 0x0000, 0x0000, 0x0000, 0x0000,
    0x0000, 0x0000, 0x0000, 0x0000, 0x0000, 0x0000, 0x0000, 0x0000, 0x0000, 0x0000, 0x0000, 0x0000,
    0x0000, 0x0000, 0x0000, 0x0000, 0x0000, 0x0000, 0x0000, 0x0000, 0x0000, 0x0000, 0x0000, 0x0000,
    0x0000, 0x0000, 0x0000, 0x0000, 0x0000, 0x0000, 0x0000, 0x0000, 0x0000, 0x0000, 0x0000, 0x0000,
    0x0000, 0x0000, 0x0000, 0x0000, 0x0000, 0x0000, 0x0000, 0x0000, 0x0000, 0x0000, 0x0000, 0x0000,
    0x0000, 0x0000, 0x0000, 0x0000, 0x0000, 0x0000, 0x0000, 0x0000, 0x0000, 0x0000, 0x0000, 0x0000,
    0x0000, 0x0000, 0x0000, 0x0000, 0x0000, 0x0000, 0x0000, 0x0000, 0x0000, 0x0000, 0x0000, 0x0000,
    0x0000, 0x0000, 0x0000, 0x0000, 0x0000, 0x0000, 0x0000, 0x0000, 0x0000, 0x0000, 0x0000, 0x0000,
    0x0000, 0x0000, 0x0000, 0x0000, 0x0000, 0x0000, 0x0000, 0x0000, 0x0000, 0x0000, 0x0000, 0x0000,
    0x0000, 0x0000, 0x0000, 0x0000, 0x0000, 0x0000, 0x0000, 0x0000, 0x0000, 0x0000, 0x0000, 0x0000,
    0x0000, 0x0000, 0x0000, 0x0000, 0x0000, 0x0000, 0x0000, 0x0000, 0x0000, 0x0000, 0x0000, 0x9118,
    0xC19B, 0x0000, 0x0000, 0x0000, 0x0000, 0x0000, 0x0000, 0x0000, 0x0000, 0x0000, 0x0000, 0x0000,
    0x0000, 0x0000, 0x0000, 0x0000, 0x0000, 0x0000, 0x0000, 0x0000, 0x0000, 0x0000, 0x0000, 0x0000,
    0x0000, 0x0000, 0x0000, 0x0000, 0x0000, 0x0000, 0x0000, 0x0000, 0x0000, 0x0000, 0x0000, 0x0000,
    0x0000, 0x0000, 0x0000, 0x0000, 0x0000, 0x0000, 0x0000, 0x0000, 0x0000, 0x0000, 0x0000, 0x0000,
    0x0000, 0x0000, 0x0000, 0x0000, 0x0000, 0x0000, 0x0000, 0x0000, 0x0000, 0x0000, 0x0000, 0x0000,
    0x0000, 0x0000, 0x0000, 0x0000, 0x0000, 0x0000, 0x0000, 0x0000, 0x0000, 0x0000, 0x0000, 0x0000,
    0x0000, 0x0000, 0x0000, 0x0000, 0x0000, 0x0000, 0x0000, 0x0000, 0x0000, 0x0000, 0x0000, 0x0000,
    0x0000, 0x0000, 0x0000, 0x0000, 0x0000, 0x0000, 0x0000, 0x0000, 0x0000, 0x0000, 0x0000, 0x0000,
    0x0000, 0x0000, 0x0000, 0x0000, 0x0000, 0x0000, 0x0000, 0x0000, 0x0000, 0x0000, 0x0000, 0x0000,
    0x0000, 0x0000, 0x0000, 0x0000, 0x0000, 0x0000, 0x0000, 0x0000, 0x0000, 0x0000, 0x0000, 0x0000,
    0x0000, 0x0000, 0x0000, 0x0000, 0x0000, 0x0000, 0x0000, 0x0000, 0x0000, 0x0000, 0x0000, 0x0000,
    0x0000, 0x0000, 0x0000, 0x0000, 0x0000, 0x0000, 0x0000, 0x0000, 0x0000, 0x0000, 0x0000, 0x0000,
    0x0000, 0x0000, 0x0000, 0x0000, 0x0000, 0x0000, 0x0000, 0x0000, 0x0000, 0x0000, 0x0000, 0x0000,
    0x0000, 0x0000, 0x2808, 0xA1B8, 0xE29E, 0x3809, 0x0000, 0x0000, 0x0000, 0x0000, 0x0000, 0x0000,
    0x0000, 0x0000, 0x0000, 0x0000, 0x0000, 0x0000, 0x0000, 0x0000, 0x0000, 0x0000, 0x0000, 0x0000,
    0x0000, 0x0000, 0x0000, 0x0000, 0x0000, 0x0000, 0x0000, 0x0000, 0x0000, 0x0000, 0x0000, 0x0000,
    0x0000, 0x0000, 0x0000, 0x0000, 0x0000, 0x0000, 0x0000, 0x0000, 0x0000, 0x0000, 0x0000, 0x0000,
    0x0000, 0x0000, 0x0000, 0x0000, 0x0000, 0x0000, 0x0000, 0x0000, 0x0000, 0x0000, 0x0000, 0x0000,
    0x0000, 0x0000, 0x0000, 0x0000, 0x0000, 0x0000, 0x0000, 0x0000, 0x0000, 0x0000, 0x0000, 0x0000,
    0x0000, 0x0000, 0x0000, 0x0000, 0x0000, 0x0000, 0x0000, 0x0000, 0x0000, 0x0000, 0x0000, 0x0000,
    0x0000, 0x0000, 0x0000, 0x0000, 0x0000, 0x0000, 0x0000, 0x0000, 0x0000, 0x0000, 0x0000, 0x0000,
    0x0000, 0x0000, 0x0000, 0x0000, 0x0000, 0x0000, 0x0000, 0x0000, 0x0000, 0x0000, 0x0000, 0x0000,
    0x0000, 0x0000, 0x0000, 0x0000, 0x0000, 0x0000, 0x0000, 0x0000, 0x0000, 0x0000, 0x0000, 0x0000,
    0x0000, 0x0000, 0x0000, 0x0000, 0x0000, 0x0000, 0x0000, 0x0000, 0x0000, 0x0000, 0x0000, 0x0000,
    0x0000, 0x0000, 0x0000, 0x0000, 0x0000, 0x0000, 0x0000, 0x0000, 0x0000, 0x0000, 0x0000, 0x0000,
    0x0000, 0x0000, 0x0000, 0x0000, 0x0000, 0x0000, 0x0000, 0x30A9, 0x28A7, 0x0000, 0x0000, 0x0000,
    0x0000, 0x0000, 0x0000, 0x0000, 0x0000, 0x0000, 0x400B, 0xC219, 0xF43F, 0x600F, 0x0000, 0x0000,
    0x0000, 0x0000, 0x0000, 0x0000, 0x0000, 0x0000, 0x0000, 0x2946, 0x4A4A, 0x0000, 0x0000, 0x0000,
    0x0000, 0x0000, 0x0000, 0x0000, 0x0000, 0x0000, 0x0000, 0x0000, 0x0000, 0x0000, 0x0000, 0x0000,
    0x0000, 0x0000, 0x0000, 0x0000, 0x0000, 0x0000, 0x0000, 0x0000, 0x0000, 0x0000, 0x0000, 0x0000,
    0x0000, 0x0000, 0x0000, 0x0000, 0x0000, 0x0000, 0x0000, 0x0000, 0x0000, 0x0000, 0x0000, 0x0000,
    0x0000, 0x0000, 0x0000, 0x0000, 0x0000, 0x0000, 0x0000, 0x0000, 0x0000, 0x0000, 0x0000, 0x0000,
    0x0000, 0x0000, 0x0000, 0x0000, 0x0000, 0x0000, 0x0000, 0x0000, 0x0000, 0x0000, 0x0000, 0x0000,
    0x0000, 0x0000, 0x0000, 0x0000, 0x0000, 0x0000, 0x0000, 0x0000, 0x0000, 0x0000, 0x0000, 0x0000,
    0x0000, 0x0000, 0x0000, 0x0000, 0x0000, 0x0000, 0x0000, 0x0000, 0x0000, 0x0000, 0x0000, 0x0000,
    0x0000, 0x0000, 0x0000, 0x0000, 0x0000, 0x0000, 0x0000, 0x0000, 0x0000, 0x0000, 0x0000, 0x0000,
    0x0000, 0x0000, 0x0000, 0x0000, 0x0000, 0x0000, 0x0000, 0x0000, 0x0000, 0x0000, 0x0000, 0x0000,
    0x0000, 0x0000, 0x0000, 0x0000, 0x0000, 0x0000, 0x0000, 0x0000, 0x0000, 0x0000, 0x0000, 0x0000,
    0x0000, 0x0000, 0x0000, 0x0000, 0x0000, 0x0000, 0x0000, 0x0000, 0x0000, 0x0000, 0x0000, 0x0000,
    0x71D1, 0x496B, 0x0000, 0x0000, 0x2025, 0x0000, 0x0000, 0x0000, 0x0000, 0x0000, 0x580E, 0xD23A,
    0xFDBF, 0x8034, 0x0000, 0x0000, 0x0000, 0x0000, 0x2065, 0x0000, 0x0000, 0x0000, 0x524B, 0x9C94,
    0x0000, 0x0000, 0x0000, 0x0000, 0x0000, 0x0000, 0x0000, 0x0000, 0x0000, 0x0000, 0x0000, 0x0000,
    0x0000, 0x0000, 0x0000, 0x0000, 0x0000, 0x0000, 0x0000, 0x0000, 0x0000, 0x0000, 0x0000, 0x0000,
    0x0000, 0x0000, 0x0000, 0x0000, 0x0000, 0x0000, 0x0000, 0x0000, 0x0000, 0x0000, 0x0000, 0x0000,
    0x0000, 0x0000, 0x0000, 0x0000, 0x0000, 0x0000, 0x0000, 0x0000, 0x0000, 0x0000, 0x0000, 0x0000,
    0x0000, 0x0000, 0x0000, 0x0000, 0x0000, 0x0000, 0x0000, 0x0000, 0x0000, 0x0000, 0x0000, 0x0000,
    0x0000, 0x0000, 0x0000, 0x0000, 0x0000, 0x0000, 0x0000, 0x0000, 0x0000, 0x0000, 0x0000, 0x0000,
    0x0000, 0x0000, 0x0000, 0x0000, 0x0000, 0x0000, 0x0000, 0x0000, 0x0000, 0x0000, 0x0000, 0x0000,
    0x0000, 0x0000, 0x0000, 0x0000, 0x0000, 0x0000, 0x0000, 0x0000, 0x0000, 0x0000, 0x0000, 0x0000,
    0x0000, 0x0000, 0x0000, 0x0000, 0x0000, 0x0000, 0x0000, 0x0000, 0x0000, 0x0000, 0x0000, 0x0000,
    0x0000, 0x0000, 0x0000, 0x0000, 0x0000, 0x0000, 0x0000, 0x0000, 0x0000, 0x0000, 0x0000, 0x0000,
    0x0000, 0x0000, 0x0000, 0x0000, 0x0000, 0x0000, 0x0000, 0x0000, 0x0000, 0x0000, 0x0000, 0x0000,
    0x0000, 0x0000, 0x0000, 0x0000, 0x0000, 0xB238, 0x71D0, 0x0000, 0x0000, 0x3868, 0x0000, 0x0000,
    0x0000, 0x0000, 0x580E, 0xD1FB, 0xFF1F, 0x90B6, 0x0000, 0x0000, 0x0000, 0x0000, 0x30C8, 0x0000,
    0x0000, 0x7B90, 0xDE5B, 0x18A5, 0x0000, 0x0000, 0x0000, 0x0000, 0x0000, 0x0000, 0x0000, 0x0000,
    0x0000, 0x0000, 0x0000, 0x0000, 0x0000, 0x0000, 0x0000, 0x0000, 0x0000, 0x0000, 0x0000, 0x0000,
    0x0000, 0x0000, 0x0000, 0x0000, 0x0000, 0x0000, 0x0000, 0x0000, 0x0000, 0x0000, 0x0000, 0x0000,
    0x0000, 0x0000, 0x0000, 0x0000, 0x0000, 0x0000, 0x0000, 0x0000, 0x0000, 0x0000, 0x0000, 0x0000,
    0x0000, 0x0000, 0x0000, 0x0000, 0x0000, 0x0000, 0x0000, 0x0000, 0x0000, 0x0000, 0x0000, 0x0000,
    0x0000, 0x0000, 0x0000, 0x0000, 0x0000, 0x0000, 0x0000, 0x0000, 0x0000, 0x0000, 0x0000, 0x0000,
    0x0000, 0x0000, 0x0000, 0x0000, 0x0000, 0x0000, 0x0000, 0x0000, 0x0000, 0x0000, 0x0000, 0x0000,
    0x0000, 0x0000, 0x0000, 0x0000, 0x0000, 0x0000, 0x0000, 0x0000, 0x0000, 0x0000, 0x0000, 0x0000,
    0x0000, 0x0000, 0x0000, 0x0000, 0x0000, 0x0000, 0x0000, 0x0000, 0x0000, 0x0000, 0x0000, 0x0000,
    0x0000, 0x0000, 0x0000, 0x0000, 0x0000, 0x0000, 0x0000, 0x0000, 0x0000, 0x0000, 0x0000, 0x0000,
    0x0000, 0x0000, 0x0000, 0x0000, 0x0000, 0x0000, 0x0000, 0x0000, 0x0000, 0x0000, 0x0000, 0x0000,
    0x0000, 0x0000, 0x0000, 0x0000, 0x0000, 0x0000, 0x0000, 0x0000, 0x0000, 0x2808, 0xDA7E, 0x91F4,
    0x0000, 0x0000, 0x0000, 0x0000, 0x0000, 0x1825, 0x600F, 0xD1DB, 0xFFFF, 0x99F7, 0x488B, 0x0000,
    0x0000, 0x0000, 0x0000, 0x0000, 0xA4D5, 0xFFBF, 0x418A, 0x0000, 0x0000, 0x0000, 0x0000, 0x0000,
    0x0000, 0x0000, 0x0000, 0x0000, 0x0000, 0x0000, 0x0000, 0x0000, 0x0000, 0x0000, 0x0000, 0x0000,
    0x0000, 0x0000, 0x0000, 0x0000, 0x0000, 0x0000, 0x0000, 0x0000, 0x0000, 0x0000, 0x0000, 0x0000,
    0x0000, 0x0000, 0x0000, 0x0000, 0x0000, 0x0000, 0x0000, 0x0000, 0x0000, 0x0000, 0x0000, 0x0000,
    0x0000, 0x0000, 0x0000, 0x0000, 0x0000, 0x0000, 0x0000, 0x0000, 0x0000, 0x0000, 0x0000, 0x0000,
    0x0000, 0x0000, 0x0000, 0x0000, 0x0000, 0x0000, 0x0000, 0x0000, 0x0000, 0x0000, 0x0000, 0x0000,
    0x0000, 0x0000, 0x0000, 0x0000, 0x0000, 0x0000, 0x0000, 0x0000, 0x0000, 0x0000, 0x0000, 0x0000,
    0x0000, 0x0000, 0x0000, 0x0000, 0x0000, 0x0000, 0x0000, 0x0000, 0x0000, 0x0000, 0x0000, 0x0000,
    0x0000, 0x0000, 0x0000, 0x0000, 0x0000, 0x0000, 0x0000, 0x0000, 0x0000, 0x0000, 0x0000, 0x0000,
    0x0000, 0x0000, 0x0000, 0x0000, 0x0000, 0x0000, 0x0000, 0x0000, 0x0000, 0x0000, 0x0000, 0x0000,
    0x0000, 0x0000, 0x0000, 0x0000, 0x0000, 0x0000, 0x0000, 0x0000, 0x0000, 0x0000, 0x0000, 0x0000,
    0x0000, 0x0000, 0x0000, 0x0000, 0x0000, 0x0000, 0x0000, 0x0000, 0x0000, 0x0000, 0x0000, 0x0000,
    0x0000, 0x0000, 0x504D, 0xF2DF, 0xAA57, 0x2887, 0x0000, 0x0000, 0x2866, 0x488B, 0x500E, 0xC9FA,
    0xFFFF, 0x9315, 0x7952, 0x3929, 0x0000, 0x0000, 0x396A, 0xCE59, 0xFF7F, 0x6AAE, 0x0000, 0x0000,
    0x0000, 0x0000, 0x0000, 0x0000, 0x0000, 0x0000, 0x0000, 0x0000, 0x0000, 0x0000, 0x0000, 0x0000,
    0x0000, 0x0000, 0x0000, 0x0000, 0x0000, 0x0000, 0x0000, 0x0000, 0x0000, 0x0000, 0x0000, 0x0000,
    0x0000, 0x0000, 0x0000, 0x0000, 0x0000, 0x0000, 0x0000, 0x0000, 0x0000, 0x0000, 0x0000, 0x0000,
    0x0000, 0x0000, 0x0000, 0x0000, 0x0000, 0x0000, 0x0000, 0x0000, 0x0000, 0x0000, 0x0000, 0x0000,
    0x0000, 0x0000, 0x0000, 0x0000, 0x0000, 0x0000, 0x0000, 0x0000, 0x0000, 0x0000, 0x0000, 0x0000,
    0x0000, 0x0000, 0x0000, 0x0000, 0x0000, 0x0000, 0x0000, 0x0000, 0x0000, 0x0000, 0x0000, 0x0000,
    0x0000, 0x0000, 0x0000, 0x0000, 0x0000, 0x0000, 0x0000, 0x0000, 0x0000, 0x0000, 0x0000, 0x0000,
    0x0000, 0x0000, 0x0000, 0x0000, 0x0000, 0x0000, 0x0000, 0x0000, 0x0000, 0x0000, 0x0000, 0x0000,
    0x0000, 0x0000, 0x0000, 0x0000, 0x0000, 0x0000, 0x0000, 0x0000, 0x0000, 0x51CA, 0x3927, 0x0000,
    0x0000, 0x0000, 0x0000, 0x0000, 0x0000, 0x0000, 0x0000, 0x0000, 0x0000, 0x0000, 0x0000, 0x0000,
    0x0000, 0x0000, 0x0000, 0x0000, 0x0000, 0x0000, 0x0000, 0x0000, 0x0000, 0x0000, 0x0000, 0x0000,
    0x0000, 0x0000, 0x0000, 0x0000, 0x0000, 0x0000, 0x0000, 0xA275, 0xFBFF, 0xCA5C, 0x48AB, 0x0000,
    0x9133, 0x3849, 0x480D, 0xCA1A, 0xFFFF, 0xBCF8, 0x7853, 0x9B14, 0x0000, 0x69AE, 0xEEBD, 0xFE5F,
    0xA375, 0x0000, 0x0000, 0x0000, 0x0000, 0x0000, 0x0000, 0x0000, 0x0000, 0x0000, 0x0000, 0x0000,
    0x0000, 0x0000, 0x0000, 0x0000, 0x0000, 0x0000, 0x0000, 0x0000, 0x0000, 0x0000, 0x0000, 0x0000,
    0x0000, 0x0000, 0x0000, 0x0000, 0x0000, 0x0000, 0x0000, 0x0000, 0x0000, 0x3028, 0x484B, 0x0000,
    0x0000, 0x0000, 0x0000, 0x0000, 0x0000, 0x0000, 0x0000, 0x0000, 0x0000, 0x0000, 0x0000, 0x0000,
    0x0000, 0x0000, 0x0000, 0x0000, 0x0000, 0x0000, 0x0000, 0x0000, 0x0000, 0x0000, 0x0000, 0x0000,
    0x0000, 0x0000, 0x0000, 0x0000, 0x0000, 0x0000, 0x0000, 0x0000, 0x0000, 0x0000, 0x0000, 0x0000,
    0x0000, 0x0000, 0x0000, 0x0000, 0x0000, 0x0000, 0x0000, 0x0000, 0x0000, 0x0000, 0x0000, 0x0000,
    0x0000, 0x0000, 0x0000, 0x0000, 0x0000, 0x0000, 0x0000, 0x0000, 0x0000, 0x0000, 0x0000, 0x0000,
    0x0000, 0x0000, 0x0000, 0x0000, 0x0000, 0x0000, 0x0000, 0x0000, 0x0000, 0x0000, 0x0000, 0x0000,
    0x0000, 0x0000, 0xA332, 0x9250, 0x0000, 0x0000, 0x0000, 0x0000, 0x0000, 0x0000, 0x0000, 0x0000,
    0x0000, 0x0000, 0x0000, 0x0000, 0x0000, 0x0000, 0x0000, 0x0000, 0x0000, 0x0000, 0x0000, 0x0000,
    0x0000, 0x0000, 0x0000, 0x0000, 0x0000, 0x0000, 0x0000, 0x0000, 0x0000, 0x0000, 0x0000, 0x0000,
    0xC239, 0xCA3C, 0xF31F, 0x9A14, 0x8091, 0x0000, 0x6010, 0xE29C, 0xFFDF, 0xE55D, 0x6812, 0xA1F8,
    0xB377, 0xFD9F, 0xEBBF, 0xC27A, 0x1885, 0x0000, 0x0000, 0x0000, 0x0000, 0x0000, 0x0000, 0x0000,
    0x0000, 0x0000, 0x0000, 0x0000, 0x0000, 0x0000, 0x0000, 0x0000, 0x0000, 0x0000, 0x0000, 0x0000,
    0x0000, 0x0000, 0x0000, 0x0000, 0x0000, 0x0000, 0x0000, 0x0000, 0x0000, 0x0000, 0x0000, 0x0000,
    0x9895, 0xB0F7, 0x0000, 0x0000, 0x0000, 0x0000, 0x0000, 0x0000, 0x0000, 0x0000, 0x0000, 0x0000,
    0x0000, 0x0000, 0x0000, 0x0000, 0x0000, 0x0000, 0x0000, 0x0000, 0x0000, 0x0000, 0x0000, 0x0000,
    0x0000, 0x0000, 0x0000, 0x0000, 0x0000, 0x0000, 0x0000, 0x0000, 0x0000, 0x0000, 0x0000, 0x0000,
    0x0000, 0x0000, 0x0000, 0x0000, 0x0000, 0x0000, 0x0000, 0x0000, 0x0000, 0x0000, 0x0000, 0x0000,
    0x0000, 0x0000, 0x0000, 0x0000, 0x0000, 0x0000, 0x0000, 0x0000, 0x0000, 0x0000, 0x0000, 0x0000,
    0x0000, 0x0000, 0x0000, 0x0000, 0x0000, 0x0000, 0x0000, 0x0000, 0x0000, 0x0000, 0x0000, 0x0000,
    0x0000, 0x0000, 0x0000, 0x0000, 0x0000, 0x0000, 0x0000, 0xC2F5, 0xDA17, 0x4868, 0x0000, 0x0000,
    0x0000, 0x0000, 0x0000, 0x0000, 0x0000, 0x0000, 0x0000, 0x0000, 0x0000, 0x0000, 0x0000, 0x0000,
    0x0000, 0x0000, 0x0000, 0x0000, 0x2045, 0x0000, 0x0000, 0x0000, 0x0000, 0x0000, 0x0000, 0x0000,
    0x0000, 0x0000, 0x0000, 0x0000, 0x3869, 0x8899, 0xB1F8, 0xF13D, 0x380A, 0x1825, 0x8013, 0xFADE,
    0xFFDF, 0xFD9F, 0x91F5, 0x6813, 0xEA3F, 0xB29A, 0xB8BD, 0x38A9, 0x0000, 0x0000, 0x0000, 0x0000,
    0x0000, 0x0000, 0x0000, 0x0000, 0x0000, 0x0000, 0x0000, 0x2065, 0x0000, 0x0000, 0x0000, 0x0000,
    0x0000, 0x0000, 0x0000, 0x0000, 0x0000, 0x0000, 0x0000, 0x0000, 0x0000, 0x0000, 0x0000, 0x0000,
    0x0000, 0x0000, 0x504B, 0xE09C, 0xD0DB, 0x0000, 0x0000, 0x0000, 0x0000, 0x0000, 0x0000, 0x0000,
    0x0000, 0x0000, 0x0000, 0x0000, 0x0000, 0x0000, 0x0000, 0x0000, 0x0000, 0x0000, 0x0000, 0x0000,
    0x0000, 0x0000, 0x0000, 0x0000, 0x0000, 0x0000, 0x0000, 0x0000, 0x0000, 0x0000, 0x0000, 0x0000,
    0x0000, 0x0000, 0x0000, 0x0000, 0x0000, 0x0000, 0x0000, 0x0000, 0x0000, 0x0000, 0x0000, 0x0000,
    0x0000, 0x0000, 0x0000, 0x0000, 0x0000, 0x0000, 0x0000, 0x0000, 0x0000, 0x0000, 0x0000, 0x0000,
    0x0000, 0x0000, 0x0000, 0x0000, 0x0000, 0x0000, 0x0000, 0x0000, 0x0000, 0x0000, 0x0000, 0x0000,
    0x0000, 0x0000, 0x0000, 0x0000, 0x0000, 0x0000, 0x0000, 0x0000, 0x0000, 0x0000, 0x0000, 0x0000,
    0xC9F5, 0xF91A, 0xA070, 0x2025, 0x0000, 0x0000, 0x0000, 0x0000, 0x0000, 0x3027, 0x3027, 0x3027,
    0x3027, 0x3027, 0x3007, 0x3007, 0x2806, 0x2007, 0x2006, 0x1805, 0x0000, 0x0000, 0x0000, 0x0000,
    0x0000, 0x0000, 0x0000, 0x0000, 0x0000, 0x0000, 0x0000, 0x0000, 0x0000, 0x6871, 0x5010, 0x7052,
    0x300A, 0x402B, 0xC899, 0xFADE, 0xFFFF, 0xFE9F, 0xC35A, 0x9879, 0x9978, 0x6815, 0x68B2, 0x0000,
    0x0000, 0x0000, 0x0000, 0x0000, 0x1006, 0x1806, 0x1806, 0x1826, 0x2027, 0x2047, 0x2046, 0x2046,
    0x2866, 0x3086, 0x3067, 0x3068, 0x3068, 0x38A8, 0x4109, 0x3948, 0x494A, 0x698E, 0x30A7, 0x0000,
    0x0000, 0x0000, 0x0000, 0x0000, 0x2826, 0xA875, 0xF87F, 0xC099, 0x0000, 0x0000, 0x0000, 0x0000,
    0x0000, 0x0000, 0x0000, 0x0000, 0x0000, 0x0000, 0x0000, 0x0000, 0x0000, 0x0000, 0x0000, 0x0000,
    0x0000, 0x0000, 0x0000, 0x0000, 0x0000, 0x0000, 0x0000, 0x0000, 0x0000, 0x0000, 0x0000, 0x0000,
    0x0000, 0x0000, 0x0000, 0x0000, 0x0000, 0x0000, 0x0000, 0x0000, 0x0000, 0x0000, 0x0000, 0x0000,
    0x0000, 0x0000, 0x0000, 0x0000, 0x0000, 0x0000, 0x0000, 0x0000, 0x0000, 0x0000, 0x0000, 0x0000,
    0x0000, 0x0000, 0x0000, 0x0000, 0x0000, 0x0000, 0x0000, 0x0000, 0x0000, 0x0000, 0x0000, 0x0000,
    0x0000, 0x0000, 0x0000, 0x0000, 0x0000, 0x0000, 0x0000, 0x0000, 0x0000, 0x0000, 0x0000, 0x0000,
    0x0000, 0x0000, 0x0000, 0x0000, 0x0000, 0xC0B3, 0xF87A, 0xE876, 0x786C, 0x0000, 0x0000, 0x0000,
    0x3027, 0x806F, 0x784F, 0x784F, 0x784F, 0x784F, 0x704F, 0x784F, 0x684E, 0x504E, 0x482D, 0x382C,
    0x302A, 0x2008, 0x1807, 0x1806, 0x1006, 0x0000, 0x0000, 0x0000, 0x0000, 0x0000, 0x1805, 0x384B,
    0x6090, 0x484B, 0x2006, 0x1006, 0x388A, 0xB996, 0xF83D, 0xFADD, 0xFFFF, 0xFF3F, 0xFEFF, 0xE37E,
    0x8016, 0x480F, 0x7112, 0x91D5, 0x6131, 0x3049, 0x0000, 0x1807, 0x280A, 0x302B, 0x302B, 0x382D,
    0x404D, 0x486E, 0x508E, 0x58AE, 0x60CE, 0x712F, 0x8130, 0x8111, 0x8931, 0x8991, 0x8A32, 0x8290,
    0x8AF1, 0xFD3E, 0x8991, 0x3007, 0x2006, 0x0000, 0x0000, 0x8071, 0xE89E, 0xF85F, 0xB898, 0x0000,
    0x0000, 0x0000, 0x0000, 0x0000, 0x0000, 0x0000, 0x0000, 0x0000, 0x0000, 0x0000, 0x0000, 0x0000,
    0x0000, 0x0000, 0x0000, 0x0000, 0x0000, 0x0000, 0x0000, 0x0000, 0x0000, 0x0000, 0x0000, 0x0000,
    0x0000, 0x0000, 0x0000, 0x0000, 0x0000, 0x0000, 0x0000, 0x0000, 0x0000, 0x0000, 0x0000, 0x0000,
    0x0000, 0x0000, 0x0000, 0x0000, 0x0000, 0x0000, 0x0000, 0x0000, 0x0000, 0x0000, 0x0000, 0x0000,
    0x0000, 0x0000, 0x0000, 0x0000, 0x0000, 0x0000, 0x2044, 0x0000, 0x0000, 0x0000, 0x0000, 0x0000,
    0x0000, 0x0000, 0x0000, 0x0000, 0x0000, 0x0000, 0x0000, 0x0000, 0x0000, 0x0000, 0x0000, 0x0000,
    0x0000, 0x0000, 0x3866, 0x0000, 0x0000, 0x0000, 0x0000, 0x0000, 0x0000, 0x0000, 0xC894, 0xF879,
    0xF858, 0xD135, 0x49E9, 0x0000, 0x0000, 0x0000, 0x0000, 0x0000, 0x0000, 0x0000, 0x0000, 0x0000,
    0x0000, 0x0000, 0x0000, 0x0000, 0x0000, 0x0000, 0x0000, 0x0000, 0x0000, 0x0000, 0x0000, 0x0000,
    0x0000, 0x3029, 0x484C, 0x384B, 0x0000, 0x0000, 0x0000, 0x610C, 0xCC59, 0xFCFE, 0xF0DC, 0xFAFE,
    0xFFBF, 0xFEDF, 0xFFFF, 0xF71F, 0xB2D9, 0x504E, 0x2009, 0x2809, 0x58EE, 0x7111, 0x58CE, 0x2867,
    0x0000, 0x0000, 0x0000, 0x0000, 0x0000, 0x0000, 0x0000, 0x0000, 0x0000, 0x0000, 0x0000, 0x0000,
    0x0000, 0x0000, 0x0000, 0x0000, 0x9AD3, 0x612C, 0x0000, 0x0000, 0x0000, 0x50CB, 0xD09B, 0xF87F,
    0xF87F, 0xC879, 0x0000, 0x0000, 0x0000, 0x0000, 0x0000, 0x0000, 0x0000, 0x20A4, 0x0000, 0x0000,
    0x0000, 0x0000, 0x0000, 0x0000, 0x0000, 0x0000, 0x0000, 0x0000, 0x0000, 0x0000, 0x0000, 0x0000,
    0x0000, 0x0000, 0x0000, 0x0000, 0x20E5, 0x0000, 0x0000, 0x0000, 0x0000, 0x0000, 0x0000, 0x0000,
    0x0000, 0x0000, 0x0000, 0x0000, 0x0000, 0x0000, 0x0000, 0x0000, 0x0000, 0x0000, 0x0000, 0x0000,
    0x0000, 0x0000, 0x0000, 0x0000, 0x0000, 0x0000, 0x0000, 0x0000, 0x0000, 0x0000, 0x596B, 0xA130,
    0x2065, 0x0000, 0x0000, 0x0000, 0x0000, 0x0000, 0x0000, 0x0000, 0x0000, 0x0000, 0x0000, 0x0000,
    0x0000, 0x0000, 0x0000, 0x0000, 0x0000, 0x0000, 0x9210, 0x2827, 0x0000, 0x0000, 0x0000, 0x0000,
    0x0000, 0x0000, 0x0000, 0xD054, 0xF858, 0xF8D9, 0xFAFC, 0x82AF, 0x0000, 0x0000, 0x0000, 0x0000,
    0x0000, 0x0000, 0x0000, 0x0000, 0x0000, 0x0000, 0x0000, 0x0000, 0x0000, 0x0000, 0x0000, 0x0000,
    0x0000, 0x0000, 0x0000, 0x0000, 0x2008, 0x1807, 0x0000, 0x0000, 0x1845, 0x7910, 0xD1BB, 0xFA9F,
    0xFB3F, 0xFBFF, 0xF3FE, 0xF39E, 0xFF7F, 0xFFFF, 0xFFFF, 0xFFFF, 0xFF9F, 0xE63D, 0x8B73, 0x28E7,
    0x0000, 0x1006, 0x304A, 0x300B, 0x2008, 0x1007, 0x0000, 0x0000, 0x0000, 0x0000, 0x0000, 0x0000,
    0x0000, 0x0000, 0x0000, 0x0000, 0x0000, 0x0000, 0x0000, 0xAB35, 0x61CC, 0x0000, 0x0000, 0x0000,
    0x6970, 0xE0DF, 0xF05F, 0xF89F, 0xD09A, 0x0000, 0x0000, 0x0000, 0x0000, 0x0000, 0x0000, 0x0000,
    0x0000, 0x58A8, 0x0000, 0x0000, 0x0000, 0x0000, 0x0000, 0x0000, 0x0000, 0x0000, 0x0000, 0x0000,
    0x0000, 0x0000, 0x0000, 0x0000, 0x0000, 0x0000, 0x0000, 0x7B2F, 0x3927, 0x0000, 0x0000, 0x0000,
    0x0000, 0x0000, 0x0000, 0x0000, 0x0000, 0x0000, 0x0000, 0x0000, 0x0000, 0x0000, 0x0000, 0x0000,
    0x0000, 0x0000, 0x0000, 0x0000, 0x0000, 0x0000, 0x0000, 0x0000, 0x0000, 0x0000, 0x0000, 0x0000,
    0x0000, 0x0000, 0x0000, 0x604A, 0xE957, 0x614B, 0x0000, 0x0000, 0x0000, 0x0000, 0x0000, 0x0000,
    0x0000, 0x0000, 0x0000, 0x0000, 0x0000, 0x0000, 0x0000, 0x0000, 0x0000, 0x4807, 0xF51C, 0x8272,
    0x3008, 0x0000, 0x0000, 0x0000, 0x0000, 0x0000, 0x0000, 0x2004, 0xD875, 0xF879, 0xE05A, 0xF97B,
    0xA253, 0x0000, 0x0000, 0x0000, 0x0000, 0x0000, 0x0000, 0x0000, 0x2026, 0x59CC, 0x6AED, 0x526B,
    0x5289, 0x526A, 0x524A, 0x4A28, 0x4A47, 0x4A66, 0x4283, 0x3A62, 0x1922, 0x0000, 0x0000, 0x7190,
    0xCABB, 0xF2BF, 0xFADE, 0xE2FC, 0xDABC, 0xE35D, 0xF37E, 0xF59E, 0xFF7F, 0xFEBF, 0xFE9F, 0xF5DE,
    0xFDBF, 0xFE5F, 0xFE7F, 0xE5FE, 0x82D2, 0x0000, 0x0000, 0x1921, 0x3A63, 0x52C6, 0x4A87, 0x4A48,
    0x4A4A, 0x524B, 0x526A, 0x526B, 0x526C, 0x5ACC, 0x20E5, 0x0000, 0x0000, 0x0000, 0x9993, 0x48E9,
    0x0000, 0x0000, 0x0000, 0x78F5, 0xA89F, 0xC07E, 0xD87F, 0xD89C, 0x2025, 0x0000, 0x0000, 0x0000,
    0x0000, 0x0000, 0x0000, 0x0000, 0x2904, 0xCB13, 0x48C6, 0x0000, 0x0000, 0x0000, 0x0000, 0x0000,
    0x0000, 0x0000, 0x0000, 0x0000, 0x0000, 0x0000, 0x0000, 0x0000, 0x0000, 0x2986, 0xBD37, 0x79CD,
    0x0000, 0x0000, 0x0000, 0x0000, 0x0000, 0x0000, 0x0000, 0x0000, 0x0000, 0x0000, 0x0000, 0x0000,
    0x0000, 0x0000, 0x0000, 0x0000, 0x0000, 0x0000, 0x0000, 0x0000, 0x0000, 0x0000, 0x0000, 0x0000,
    0x0000, 0x0000, 0x0000, 0x0000, 0x0000, 0x0000, 0x1825, 0x0000, 0x984F, 0xF979, 0xA9F2, 0x18A4,
    0x0000, 0x0000, 0x0000, 0x0000, 0x0000, 0x0000, 0x0000, 0x0000, 0x0000, 0x0000, 0x0000, 0x0000,
    0x40A7, 0xD175, 0xFE7E, 0xEF5E, 0x7210, 0x2045, 0x0000, 0x0000, 0x0000, 0x0000, 0x0000, 0x0000,
    0x2004, 0xD856, 0xE83D, 0xD01B, 0xF87A, 0xD195, 0x30A6, 0x0000, 0x0000, 0x0000, 0x0000, 0x0000,
    0x3047, 0x89F2, 0xCEB3, 0xEFF4, 0xEFF7, 0xEFF6, 0xE7F0, 0xD7EA, 0xC7E6, 0x9EE3, 0x6C82, 0x4283,
    0x0000, 0x0000, 0x0000, 0x3069, 0x5891, 0x7896, 0xB899, 0xE09B, 0xD89B, 0xD83B, 0xF2BE, 0xFDDF,
    0xF49E, 0xF19E, 0xE85E, 0xE03D, 0xB83C, 0x8839, 0x8058, 0x6093, 0x30A9, 0x0000, 0x0000, 0x0000,
    0x4284, 0x74C5, 0xB728, 0xDFED, 0xEFF1, 0xF7F7, 0xEFF8, 0xEFF8, 0xF7F4, 0xADB0, 0x1885, 0x0000,
    0x0000, 0x80D1, 0x4068, 0x0000, 0x0000, 0x3848, 0x90B9, 0x903E, 0x803C, 0xA87F, 0xB87D, 0x2826,
    0x0000, 0x0000, 0x0000, 0x0000, 0x0000, 0x0000, 0x0000, 0x41A7, 0xC4F5, 0xFE9D, 0xD455, 0x5A49,
    0x20A4, 0x0000, 0x0000, 0x0000, 0x0000, 0x0000, 0x0000, 0x0000, 0x0000, 0x0000, 0x0000, 0x0000,
    0x632D, 0xE6BC, 0x91AF, 0x0000, 0x0000, 0x0000, 0x0000, 0x0000, 0x0000, 0x0000, 0x0000, 0x0000,
    0x0000, 0x0000, 0x0000, 0x0000, 0x0000, 0x0000, 0x0000, 0x0000, 0x0000, 0x0000, 0x0000, 0x0000,
    0x0000, 0x0000, 0x0000, 0x0000, 0x0000, 0x0000, 0x0000, 0x0000, 0x0000, 0x0000, 0x0000, 0x0000,
    0x0000, 0x884E, 0xD956, 0xE238, 0x5949, 0x0000, 0x0000, 0x0000, 0x0000, 0x0000, 0x0000, 0x0000,
    0x0000, 0x0000, 0x2845, 0x80CD, 0xF177, 0xFA19, 0xF61C, 0xFDBD, 0xEC39, 0x71AD, 0x2825, 0x0000,
    0x0000, 0x0000, 0x0000, 0x0000, 0x0000, 0x2825, 0x582C, 0x382A, 0x4829, 0x584A, 0x4088, 0x0000,
    0x0000, 0x0000, 0x0000, 0x0000, 0x0000, 0x2066, 0x490A, 0x9DA8, 0xCFEB, 0x954D, 0x31E4, 0x3A44,
    0x3223, 0x0000, 0x0000, 0x0000, 0x0000, 0x0000, 0x0000, 0x0000, 0x0000, 0x0000, 0x482E, 0xA858,
    0xF89D, 0xF95D, 0xF51E, 0xFCDF, 0xFA7F, 0xE25D, 0xC07D, 0x983C, 0x6836, 0x382D, 0x1806, 0x0000,
    0x0000, 0x0000, 0x0000, 0x0000, 0x0000, 0x0000, 0x0000, 0x3A25, 0x3A64, 0x3A06, 0xA5CF, 0xCFEB,
    0x74C6, 0x0000, 0x0000, 0x0000, 0x3068, 0x2046, 0x0000, 0x0000, 0x0000, 0x3849, 0x304B, 0x302A,
    0x302A, 0x282A, 0x1826, 0x0000, 0x0000, 0x0000, 0x0000, 0x0000, 0x0000, 0x0000, 0x59C9, 0xD3F6,
    0xFEBE, 0xFFFF, 0xFF9D, 0xE594, 0x732B, 0x2104, 0x0000, 0x0000, 0x0000, 0x0000, 0x0000, 0x0000,
    0x0000, 0x0000, 0x0000, 0xA4B4, 0xFF9E, 0x916F, 0x3005, 0x0000, 0x0000, 0x0000, 0x0000, 0x0000,
    0x0000, 0x0000, 0x0000, 0x0000, 0x0000, 0x0000, 0x0000, 0x0000, 0x0000, 0x0000, 0x0000, 0x0000,
    0x0000, 0x0000, 0x0000, 0x0000, 0x0000, 0x0000, 0x0000, 0x0000, 0x0000, 0x0000, 0x0000, 0x0000,
    0x0000, 0x0000, 0x0000, 0x0000, 0x0000, 0x2805, 0xD895, 0xFA39, 0xF9DA, 0x99D0, 0x0000, 0x0000,
    0x0000, 0x0000, 0x0000, 0x0000, 0x0000, 0x0000, 0x0000, 0x0000, 0x3005, 0xD072, 0xFB5B, 0xC1B3,
    0x3005, 0x0000, 0x0000, 0x0000, 0x0000, 0x0000, 0x0000, 0x0000, 0x0000, 0x0000, 0x0000, 0x0000,
    0x0000, 0x0000, 0x0000, 0x0000, 0x0000, 0x0000, 0x0000, 0x0000, 0x0000, 0x0000, 0x0000, 0x2868,
    0x8505, 0xC7E7, 0x6B4B, 0x0000, 0x0000, 0x50CC, 0x9A55, 0xA9D8, 0x8917, 0x5872, 0x302C, 0x2029,
    0x1006, 0x0000, 0x0000, 0x0000, 0xB237, 0xFDBF, 0xFBBF, 0xFC1F, 0xF1FF, 0xF93F, 0xB1DB, 0x384E,
    0x0000, 0x0000, 0x0000, 0x2028, 0x382D, 0x5873, 0x8138, 0xA21A, 0x99D7, 0x89B3, 0x48CC, 0x0000,
    0x0000, 0x7C0B, 0xCFE8, 0x6C46, 0x0000, 0x0000, 0x0000, 0x0000, 0x0000, 0x0000, 0x0000, 0x0000,
    0x0000, 0x0000, 0x0000, 0x0000, 0x0000, 0x0000, 0x0000, 0x0000, 0x0000, 0x0000, 0x0000, 0x0000,
    0x0000, 0x0000, 0x0000, 0x49A6, 0xC453, 0xF63B, 0xDE95, 0x6347, 0x0000, 0x0000, 0x0000, 0x0000,
    0x0000, 0x0000, 0x0000, 0x0000, 0x0000, 0x3927, 0xD437, 0xFF3E, 0x916F, 0x6009, 0x0000, 0x0000,
    0x0000, 0x0000, 0x0000, 0x0000, 0x0000, 0x0000, 0x0000, 0x0000, 0x0000, 0x0000, 0x0000, 0x0000,
    0x0000, 0x0000, 0x0000, 0x0000, 0x0000, 0x0000, 0x0000, 0x0000, 0x0000, 0x0000, 0x0000, 0x0000,
    0x0000, 0x0000, 0x0000, 0x0000, 0x0000, 0x0000, 0x0000, 0x0000, 0x0000, 0x0000, 0x884D, 0xF878,
    0xEA58, 0xFA3B, 0xD9D6, 0x49EA, 0x0000, 0x0000, 0x0000, 0x0000, 0x0000, 0x0000, 0x0000, 0x0000,
    0x0000, 0x4827, 0xE9B7, 0x3066, 0x0000, 0x0000, 0x0000, 0x0000, 0x0000, 0x0000, 0x0000, 0x18A5,
    0x630D, 0x732F, 0x734E, 0x6B0D, 0x6B0D, 0x62ED, 0x62EC, 0x5ACB, 0x5ACB, 0x5AEB, 0x5AEB, 0x52CA,
    0x5ACB, 0x5ACC, 0x5B0A, 0x31C4, 0x0000, 0x6C64, 0xCFE8, 0x7C2C, 0x0000, 0x0000, 0x2026, 0x608F,
    0x8899, 0x805B, 0x6057, 0x302B, 0x2029, 0x1807, 0x2028, 0x2808, 0x504C, 0xD359, 0xFB1F, 0xF35E,
    0xF9FE, 0xC87E, 0x5070, 0x1006, 0x1807, 0x1808, 0x1828, 0x2029, 0x382E, 0x6877, 0x80BB, 0x7077,
    0x404C, 0x1846, 0x0000, 0x0000, 0x954D, 0xD7E9, 0x5B65, 0x0000, 0x3204, 0x5AEB, 0x5ACC, 0x52CA,
    0x52CB, 0x5AEC, 0x5AEB, 0x5ACB, 0x5ACB, 0x5AEC, 0x62EC, 0x5AEC, 0x5AEB, 0x62ED, 0x62EE, 0x5AEB,
    0x0000, 0x0000, 0x0000, 0x0000, 0x0000, 0x0000, 0x0000, 0x2124, 0x4186, 0x9A2F, 0x51E7, 0x2103,
    0x0000, 0x0000, 0x0000, 0x0000, 0x0000, 0x0000, 0x0000, 0x0000, 0x79CD, 0xFB39, 0xFE7E, 0x81AE,
    0x780B, 0x2845, 0x0000, 0x0000, 0x0000, 0x0000, 0x0000, 0x0000, 0x0000, 0x0000, 0x0000, 0x0000,
    0x0000, 0x0000, 0x0000, 0x0000, 0x0000, 0x0000, 0x0000, 0x0000, 0x0000, 0x0000, 0x0000, 0x0000,
    0x0000, 0x0000, 0x0000, 0x0000, 0x0000, 0x0000, 0x0000, 0x0000, 0x0000, 0x0000, 0x0000, 0x0000,
    0x0000, 0x0000, 0x0000, 0xD0B4, 0xF8D8, 0xEB7A, 0xFA5A, 0xF9F9, 0x9371, 0x0000, 0x0000, 0x0000,
    0x0000, 0x0000, 0x0000, 0x0000, 0x0000, 0x0000, 0x80AD, 0x0000, 0x0000, 0x0000, 0x0000, 0x0000,
    0x0000, 0x0000, 0x0000, 0x18A5, 0xADCF, 0xFFF8, 0xF7FB, 0xFFFB, 0xFFF9, 0xF7F5, 0xF7F6, 0xF7F6,
    0xFFF9, 0xFFFB, 0xFFFA, 0xFFF9, 0xFFFA, 0xFFFB, 0xFFF9, 0xD7D1, 0x4B05, 0x0000, 0x5BA5, 0xBFC7,
    0x8CAC, 0x0000, 0x0000, 0x0000, 0x0000, 0x3029, 0x6035, 0x302D, 0x0000, 0x1007, 0x402E, 0x7896,
    0x2008, 0x68EF, 0xFABF, 0xFADF, 0xB93D, 0x803D, 0x2829, 0x1007, 0x809A, 0x5852, 0x0000, 0x1809,
    0x5033, 0x5854, 0x2809, 0x0000, 0x0000, 0x0000, 0x1065, 0x9D8C, 0xBFA7, 0x42A5, 0x0000, 0x6C27,
    0xE7F4, 0xFFFA, 0xFFFB, 0xFFFA, 0xFFFB, 0xFFFB, 0xFFFA, 0xFFFC, 0xFFFB, 0xFFFB, 0xFFFC, 0xFFFC,
    0xFFFB, 0xF7FA, 0xF7F6, 0x8C8E, 0x0000, 0x0000, 0x0000, 0x0000, 0x0000, 0x0000, 0x0000, 0x0000,
    0x0000, 0x4087, 0x0000, 0x0000, 0x0000, 0x0000, 0x0000, 0x0000, 0x0000, 0x0000, 0x2906, 0xBA72,
    0xFA19, 0xF53C, 0x9A11, 0x880D, 0x5048, 0x0000, 0x0000, 0x0000, 0x0000, 0x0000, 0x0000, 0x0000,
    0x0000, 0x0000, 0x0000, 0x0000, 0x0000, 0x0000, 0x0000, 0x0000, 0x0000, 0x0000, 0x0000, 0x0000,
    0x0000, 0x0000, 0x0000, 0x0000, 0x0000, 0x0000, 0x0000, 0x0000, 0x0000, 0x3147, 0x0000, 0x0000,
    0x0000, 0x0000, 0x3085, 0x2064, 0x0000, 0x0000, 0x0000, 0x2805, 0xE035, 0xE8B6, 0xF51B, 0xFAFA,
    0xF9DA, 0xD458, 0x4A4A, 0x0000, 0x0000, 0x0000, 0x0000, 0x0000, 0x0000, 0x0000, 0x3046, 0x0000,
    0x0000, 0x0000, 0x0000, 0x0000, 0x0000, 0x0000, 0x0000, 0x0000, 0x0000, 0x9E09, 0xD7CE, 0x7B90,
    0x416B, 0x51CD, 0x51CD, 0x41C9, 0x41EB, 0x41C9, 0x49CC, 0x51CF, 0x49CC, 0x39CA, 0x41AB, 0x41EB,
    0x41E8, 0x0000, 0x0000, 0x4AE3, 0xB746, 0x8CCC, 0x1886, 0x0000, 0x0000, 0x0000, 0x0000, 0x1826,
    0x282A, 0x5853, 0x6075, 0x5053, 0x282A, 0x282A, 0xB8BA, 0xEA5E, 0x90FC, 0x6838, 0x0000, 0x1007,
    0x6056, 0x7878, 0x402D, 0x2008, 0x1806, 0x0000, 0x0000, 0x0000, 0x0000, 0x18A6, 0x958B, 0xA6C6,
    0x31E4, 0x0000, 0x1885, 0x4A2A, 0x49CD, 0x49AC, 0x49AC, 0x51CE, 0x49CC, 0x41CA, 0x41C9, 0x49CB,
    0x39C8, 0x41CA, 0x49EA, 0x396A, 0x840F, 0xDFF0, 0x9549, 0x0000, 0x0000, 0x0000, 0x0000, 0x0000,
    0x0000, 0x0000, 0x0000, 0x0000, 0x0000, 0x0000, 0x0000, 0x0000, 0x0000, 0x0000, 0x0000, 0x0000,
    0x0000, 0x59AB, 0xEA77, 0xFA38, 0xFD7C, 0xC274, 0x780B, 0x884D, 0x0000, 0x0000, 0x0000, 0x0000,
    0x0000, 0x0000, 0x0000, 0x0000, 0x0000, 0x0000, 0x3107, 0x0000, 0x0000, 0x0000, 0x0000, 0x0000,
    0x0000, 0x0000, 0x0000, 0x0000, 0x0000, 0x0000, 0x0000, 0x0000, 0x0000, 0x0000, 0x0000, 0x0000,
    0x0000, 0x81F2, 0xDD3B, 0x6AAD, 0x0000, 0x0000, 0x0000, 0x720D, 0x0000, 0x2044, 0x508A, 0x38E8,
    0x68AA, 0xA80F, 0xE815, 0xFC7B, 0xF39A, 0xFA7A, 0xFC3C, 0x9351, 0x0000, 0x0000, 0x0000, 0x0000,
    0x0000, 0x0000, 0x0000, 0x0000, 0x0000, 0x0000, 0x0000, 0x0000, 0x0000, 0x0000, 0x0000, 0x0000,
    0x0000, 0x2945, 0xBF2B, 0xC6F1, 0x38B0, 0x180B, 0x0000, 0x0000, 0x0000, 0x0000, 0x0000, 0x0000,
    0x0000, 0x0000, 0x0000, 0x0000, 0x0000, 0x0000, 0x0000, 0x0000, 0x29C2, 0x5B84, 0x5ACB, 0x18A5,
    0x0000, 0x0000, 0x0000, 0x0000, 0x0000, 0x486D, 0x402E, 0x1007, 0x2029, 0x1828, 0x7052, 0xD1DE,
    0x913C, 0x4010, 0x0000, 0x2029, 0x200B, 0x280D, 0x2026, 0x0000, 0x0000, 0x0000, 0x0000, 0x0000,
    0x20C6, 0x9DAB, 0x9625, 0x2163, 0x0000, 0x0000, 0x0000, 0x0000, 0x0000, 0x0000, 0x0000, 0x0000,
    0x0000, 0x0000, 0x0000, 0x0000, 0x0000, 0x0000, 0x0007, 0x492F, 0xD750, 0xB6AB, 0x1885, 0x0000,
    0x0000, 0x0000, 0x0000, 0x0000, 0x0000, 0x0000, 0x0000, 0x0000, 0x0000, 0x0000, 0x0000, 0x0000,
    0x0000, 0x0000, 0x0000, 0x18A4, 0x9A10, 0xFA38, 0xFBFA, 0xF6FE, 0xFD9C, 0xC872, 0x984E, 0x3025,
    0x0000, 0x0000, 0x0000, 0x0000, 0x58CA, 0x0000, 0x0000, 0x0000, 0x732E, 0xDD3C, 0x7151, 0x0000,
    0x0000, 0x0000, 0x0000, 0x0000, 0x0000, 0x0000, 0x0000, 0x0000, 0x0000, 0x0000, 0x0000, 0x0000,
    0x0000, 0x0000, 0x0000, 0x0000, 0x0000, 0x508C, 0xDADF, 0xC29F, 0x386A, 0x0000, 0x0000, 0x596B,
    0x8A0E, 0x0000, 0x2025, 0x794D, 0xC335, 0xECDA, 0xF43A, 0xF49A, 0xEE3C, 0xDA77, 0xFA9A, 0xFBDC,
    0xCBF7, 0x41A8, 0x0000, 0x0000, 0x0000, 0x0000, 0x0000, 0x0000, 0x0000, 0x0000, 0x0000, 0x0000,
    0x0000, 0x0000, 0x0000, 0x0000, 0x0000, 0x0000, 0x4226, 0xCFCA, 0xB62F, 0x304F, 0x0000, 0x3067,
    0x1825, 0x2846, 0x0000, 0x0000, 0x508B, 0xB938, 0x2026, 0x0000, 0x0000, 0x0000, 0x0000, 0x0000,
    0x0000, 0x0000, 0x0000, 0x18C4, 0x0000, 0x0000, 0x0000, 0x0000, 0x0000, 0x0000, 0x0000, 0x282C,
    0x282A, 0x282C, 0x502F, 0xC93D, 0x80FA, 0x280B, 0x2029, 0x282B, 0x300E, 0x302B, 0x0000, 0x0000,
    0x0000, 0x0000, 0x0000, 0x20E6, 0x9DCB, 0x8DC5, 0x2123, 0x0000, 0x0000, 0x0000, 0x0000, 0x0000,
    0xA135, 0x4869, 0x0000, 0x0000, 0x3848, 0x0000, 0x0000, 0x0000, 0x0000, 0x0000, 0x28CB, 0xC711,
    0xCF8B, 0x2965, 0x0000, 0x0000, 0x0000, 0x0000, 0x0000, 0x0000, 0x0000, 0x0000, 0x0000, 0x0000,
    0x0000, 0x0000, 0x0000, 0x0000, 0x0000, 0x0000, 0x3907, 0xD173, 0xF9F9, 0xFD7D, 0xFFFF, 0xFF3E,
    0xE2F6, 0xC0D2, 0x5869, 0x0000, 0x0000, 0x0000, 0x0000, 0x8A4F, 0x58C9, 0x0000, 0x0000, 0x406D,
    0xC2DF, 0xC23F, 0x404B, 0x0000, 0x0000, 0x0000, 0x0000, 0x0000, 0x0000, 0x0000, 0x0000, 0x0000,
    0x0000, 0x0000, 0x0000, 0x0000, 0x0000, 0x0000, 0x0000, 0x0000, 0x0000, 0x0000, 0x380F, 0x7839,
    0x2828, 0x0000, 0x0000, 0x0000, 0xCB56, 0x790D, 0x0000, 0x0000, 0x3005, 0xCB15, 0xFFFF, 0xFFFF,
    0xF63C, 0xA992, 0x98F0, 0xDB78, 0xFD7D, 0xFE1D, 0x830F, 0x0000, 0x0000, 0x0000, 0x0000, 0x0000,
    0x0000, 0x0000, 0x0000, 0x2825, 0x0000, 0x0000, 0x0000, 0x2845, 0x0000, 0x0000, 0x0000, 0x5305,
    0xBFE7, 0x9CD0, 0x180B, 0x0000, 0x0000, 0x0000, 0x0000, 0x0000, 0x584B, 0xC8B8, 0x2026, 0x0000,
    0x0000, 0x0000, 0x0000, 0x3126, 0x5169, 0x4108, 0x49E9, 0x0000, 0x0000, 0x18A5, 0x4109, 0x3867,
    0x40C7, 0x3107, 0x0000, 0x1826, 0x280B, 0x302D, 0x300D, 0xC13B, 0x78F9, 0x280D, 0x302D, 0x280B,
    0x482F, 0x0000, 0x0000, 0x0000, 0x0000, 0x0000, 0x2965, 0xA58D, 0x8489, 0x18C4, 0x0000, 0x0000,
    0x0000, 0x0000, 0x0000, 0x2025, 0xC8D7, 0x604C, 0x0000, 0x0000, 0x0000, 0x0000, 0x2965, 0x39A7,
    0x0000, 0x0000, 0x9D6E, 0xBFA7, 0x3A64, 0x0000, 0x0000, 0x0000, 0x0000, 0x0000, 0x0000, 0x0000,
    0x0000, 0x0000, 0x0000, 0x0000, 0x0000, 0x0000, 0x0000, 0x0000, 0x0000, 0x894E, 0xF958, 0xFAF9,
    0xDD19, 0xB576, 0x7BAF, 0x30E6, 0x0000, 0x0000, 0x0000, 0x31A7, 0x624B, 0x30E6, 0x8AAF, 0xCC57,
    0x0000, 0x0000, 0x0000, 0x304A, 0x703A, 0x300E, 0x0000, 0x0000, 0x0000, 0x0000, 0x0000, 0x0000,
    0x0000, 0x0000, 0x0000, 0x0000, 0x0000, 0x0000, 0x0000, 0x0000, 0x0000, 0x0000, 0x0000, 0x0000,
    0x0000, 0x0000, 0x0000, 0x0000, 0x0000, 0x0000, 0x0000, 0x0000, 0x59EB, 0xFB1A, 0x4847, 0x0000,
    0x0000, 0x0000, 0x9371, 0xDD1A, 0xFB1B, 0xF9FA, 0xB0D2, 0x880D, 0xB111, 0xEB99, 0xFDBE, 0xB475,
    0x2106, 0x0000, 0x0000, 0x0000, 0x0000, 0x0000, 0x0000, 0x0000, 0x0000, 0x0000, 0x0000, 0x0000,
    0x0000, 0x0000, 0x0000, 0x0000, 0x5B45, 0x8DC5, 0x6270, 0x1009, 0x0000, 0x0000, 0x0000, 0x0000,
    0x0000, 0x0000, 0x0000, 0x0000, 0x0000, 0x0000, 0x3107, 0xA1B0, 0xA930, 0xA0EF, 0xA9B0, 0x620C,
    0x28A5, 0x714C, 0x90CE, 0xA130, 0xA171, 0x9270, 0x28C5, 0x0000, 0x0000, 0x382D, 0x200B, 0x90F6,
    0x70D5, 0x280E, 0x302D, 0x402F, 0x1826, 0x0000, 0x0000, 0x0000, 0x0000, 0x28E7, 0x9372, 0x59CD,
    0x0000, 0x0000, 0x0000, 0x0000, 0x0000, 0x0000, 0x0000, 0x0000, 0x0000, 0x0000, 0x0000, 0x0000,
    0x0000, 0x634D, 0xBC76, 0x0000, 0x0000, 0x5B47, 0x9EC5, 0x5344, 0x0000, 0x0000, 0x0000, 0x0000,
    0x0000, 0x0000, 0x0000, 0x0000, 0x0000, 0x0000, 0x0000, 0x0000, 0x0000, 0x0000, 0x0000, 0x2065,
    0x814D, 0xA04D, 0x6069, 0x2926, 0x0000, 0x0000, 0x0000, 0x31A7, 0x6B6E, 0xADB6, 0xDE5A, 0xD477,
    0x4989, 0x5087, 0xF359, 0x5129, 0x0000, 0x0000, 0x0000, 0x0000, 0x1826, 0x0000, 0x0000, 0x0000,
    0x0000, 0x0000, 0x0000, 0x0000, 0x0000, 0x0000, 0x0000, 0x0000, 0x0000, 0x0000, 0x0000, 0x0000,
    0x0000, 0x0000, 0x0000, 0x0000, 0x0000, 0x0000, 0x0000, 0x0000, 0x0000, 0x0000, 0x0000, 0x0000,
    0x0000, 0xD336, 0xE997, 0x3025, 0x0000, 0x0000, 0x0000, 0x0000, 0x4948, 0x9970, 0xD975, 0xC0F3,
    0xA80F, 0xE033, 0xFB7A, 0xFF1F, 0xFF7E, 0x734F, 0x0000, 0x0000, 0x0000, 0x0000, 0x0000, 0x0000,
    0x0000, 0x0000, 0x0000, 0x0000, 0x0000, 0x0000, 0x0000, 0x0000, 0x0000, 0x3A41, 0x63C6, 0x392B,
    0x0000, 0x0000, 0x0000, 0x0000, 0x0000, 0x0000, 0x0000, 0x0000, 0x0000, 0x28A5, 0xA170, 0xD3B7,
    0xF6BD, 0xFE7E, 0xEBB9, 0x98AE, 0x70EB, 0xB1D2, 0xF39A, 0xFBDA, 0xF47B, 0xABF4, 0x720C, 0x0000,
    0x0000, 0x2028, 0x382F, 0x58B1, 0x5891, 0x302D, 0x404F, 0x282A, 0x0000, 0x0000, 0x0000, 0x0000,
    0x2887, 0x7152, 0x484E, 0x0000, 0x0000, 0x0000, 0x0000, 0x0000, 0x0000, 0x0000, 0x0000, 0x0000,
    0x0000, 0x0000, 0x0000, 0x0000, 0x9533, 0xFD3D, 0x4848, 0x0000, 0x0000, 0x53C2, 0x4342, 0x0000,
    0x0000, 0x0000, 0x0000, 0x0000, 0x0000, 0x0000, 0x0000, 0x0000, 0x0000, 0x0000, 0x0000, 0x0000,
    0x0000, 0x0000, 0x0000, 0x0000, 0x0000, 0x0000, 0x1925, 0x4A4A, 0x8C51, 0xC659, 0xEF9D, 0xFFBF,
    0xFFFF, 0xFD5C, 0xA150, 0x2004, 0x0000, 0x712B, 0xA291, 0x0000, 0x0000, 0x0000, 0x0000, 0x0000,
    0x0000, 0x0000, 0x0000, 0x0000, 0x0000, 0x0000, 0x0000, 0x0000, 0x0000, 0x0000, 0x0000, 0x0000,
    0x0000, 0x0000, 0x0000, 0x0000, 0x0000, 0x0000, 0x0000, 0x0000, 0x0000, 0x0000, 0x0000, 0x0000,
    0x0000, 0x0000, 0x0000, 0x0000, 0x0000, 0x69AB, 0xFABB, 0xC152, 0x0000, 0x0000, 0x0000, 0x0000,
    0x0000, 0x0000, 0x0000, 0x4867, 0x706B, 0x982E, 0xA80E, 0xA9D2, 0xBD16, 0xC5B8, 0x6B2E, 0x0000,
    0x0000, 0x0000, 0x0000, 0x0000, 0x0000, 0x0000, 0x0000, 0x0000, 0x0000, 0x0000, 0x0000, 0x0000,
    0x0000, 0x0000, 0x0000, 0x0000, 0x0000, 0x0000, 0x0000, 0x0000, 0x0000, 0x0000, 0x0000, 0x0000,
    0x0000, 0x896E, 0xD2F6, 0xFFFF, 0xFFFF, 0xFFFF, 0xFFFF, 0xDBD8, 0x992F, 0xFCDC, 0xFBFA, 0xFB79,
    0xFB59, 0xFBFC, 0x9991, 0x7A2E, 0x0000, 0x0000, 0x304B, 0x302E, 0x302E, 0x6076, 0x484F, 0x0000,
    0x0000, 0x0000, 0x0000, 0x0000, 0x3069, 0x1025, 0x0000, 0x0000, 0x0000, 0x0000, 0x0000, 0x0000,
    0x0000, 0x0000, 0x0000, 0x0000, 0x0000, 0x0000, 0x41E8, 0xD6FB, 0xFD3D, 0x980D, 0x0000, 0x0000,
    0x21C0, 0x0000, 0x0000, 0x0000, 0x1805, 0x0000, 0x0000, 0x0000, 0x0000, 0x0000, 0x0000, 0x0000,
    0x0000, 0x0000, 0x0000, 0x0000, 0x0000, 0x18C4, 0x4249, 0x73EE, 0xA595, 0xDEBB, 0xFF5E, 0xFF7F,
    0xFEFF, 0xFDFE, 0xFCDB, 0xFDBC, 0xEBD9, 0x700A, 0x0000, 0x0000, 0x2805, 0xAA11, 0x40C8, 0x0000,
    0x3046, 0x2024, 0x0000, 0x0000, 0x0000, 0x0000, 0x0000, 0x0000, 0x0000, 0x0000, 0x0000, 0x0000,
    0x0000, 0x0000, 0x0000, 0x0000, 0x0000, 0x0000, 0x0000, 0x0000, 0x0000, 0x0000, 0x0000, 0x0000,
    0x0000, 0x0000, 0x0000, 0x0000, 0x0000, 0x0000, 0x0000, 0x0000, 0x0000, 0x0000, 0xDAD6, 0xF9D8,
    0x3805, 0x0000, 0x0000, 0x0000, 0x0000, 0x0000, 0x0000, 0x0000, 0x0000, 0x0000, 0x0000, 0x0000,
    0x0000, 0x0000, 0x0000, 0x0000, 0x0000, 0x0000, 0x0000, 0x0000, 0x0000, 0x0000, 0x0000, 0x0000,
    0x0000, 0x0000, 0x0000, 0x0000, 0x0000, 0x0000, 0x0000, 0x0000, 0x0000, 0x0000, 0x0000, 0x4066,
    0x48C7, 0x50A7, 0x58C9, 0x2003, 0x722C, 0xB931, 0xED7B, 0xFFFF, 0xFF9F, 0xFF7F, 0xFF9F, 0xFF7F,
    0xFC1B, 0xFB79, 0xFB9A, 0xFBBA, 0xFA99, 0xFA7A, 0xA971, 0x99D3, 0x6AAD, 0x0000, 0x0000, 0x380F,
    0x4833, 0x5852, 0x0000, 0x0000, 0x0000, 0x0000, 0x0000, 0x0000, 0x0000, 0x0000, 0x0000, 0x0000,
    0x0000, 0x0000, 0x0000, 0x0000, 0x0000, 0x0000, 0x0000, 0x0000, 0x0000, 0x8C71, 0xFFDF, 0xE438,
    0xD893, 0x2064, 0x0000, 0x0000, 0x1902, 0x0000, 0x8B50, 0xCDD9, 0xC558, 0xBD37, 0xBD37, 0xB536,
    0xB556, 0xB556, 0xB576, 0xB556, 0xB556, 0xB536, 0xBD36, 0xB556, 0xCDF9, 0xEEBC, 0xFE5D, 0xFDDE,
    0xFD1D, 0xFC3B, 0xF35A, 0xF2F9, 0xF2F8, 0xF278, 0xFC5B, 0xF43A, 0x780B, 0x2848, 0x0000, 0x0000,
    0x4087, 0x99B0, 0x0000, 0x0000, 0x5049, 0x4848, 0x0000, 0x0000, 0x0000, 0x0000, 0x0000, 0x0000,
    0x0000, 0x0000, 0x0000, 0x0000, 0x0000, 0x0000, 0x0000, 0x0000, 0x0000, 0x0000, 0x0000, 0x0000,
    0x0000, 0x0000, 0x0000, 0x0000, 0x0000, 0x0000, 0x0000, 0x0000, 0x0000, 0x0000, 0x0000, 0x0000,
    0x0000, 0x0000, 0x79AD, 0xD115, 0x700B, 0x0000, 0x0000, 0x0000, 0x0000, 0x0000, 0x0000, 0x9330,
    0xB4F5, 0xAD14, 0xB515, 0xBD15, 0xB4B5, 0xB494, 0xB494, 0xB474, 0xB454, 0xAC34, 0xB434, 0xAC14,
    0xABF3, 0xABF3, 0xABD3, 0xABB3, 0xAB93, 0xAB93, 0xAB32, 0xA2B1, 0xA291, 0xA271, 0xA211, 0xA1F1,
    0xA1B1, 0x99B0, 0xAA11, 0xB212, 0xCB75, 0xD496, 0xB311, 0x8A4D, 0xD376, 0xA04E, 0xF69D, 0xFFFF,
    0xFF5E, 0xFF9F, 0xFF5E, 0xFD7C, 0xFBBA, 0xFB99, 0xFB9A, 0xFAB9, 0xF998, 0xFA59, 0x88EE, 0x486E,
    0xEE5D, 0x3187, 0x0000, 0x282B, 0x4851, 0x0000, 0x0000, 0x0000, 0x0000, 0x0000, 0x0000, 0x0000,
    0x0000, 0x0000, 0x0000, 0x0000, 0x0000, 0x0000, 0x0000, 0x0000, 0x0000, 0x0000, 0x0000, 0x5ACC,
    0xDF3C, 0xFF3F, 0xDB57, 0xE855, 0x78CC, 0x0000, 0x0000, 0x0000, 0x0000, 0x28E6, 0xF59C, 0xFCFD,
    0xFC7C, 0xFC7C, 0xFC7C, 0xFBFC, 0xFBDB, 0xFBDB, 0xF39A, 0xEB99, 0xEB79, 0xE318, 0xDB57, 0xEB99,
    0xEA98, 0xE217, 0xE1D7, 0xF238, 0xF279, 0xFAB9, 0xFAB9, 0xFAD9, 0xFAB9, 0xFBFB, 0xDBD7, 0x780B,
    0x484E, 0x506C, 0x0000, 0x0000, 0x78CD, 0x3046, 0x0000, 0x508A, 0x3066, 0x0000, 0x4027, 0x0000,
    0x0000, 0x0000, 0x0000, 0x0000, 0x0000, 0x0000, 0x0000, 0x0000, 0x0000, 0x0000, 0x0000, 0x0000,
    0x0000, 0x0000, 0x0000, 0x0000, 0x0000, 0x0000, 0x0000, 0x0000, 0x0000, 0x0000, 0x0000, 0x0000,
    0x3026, 0x3846, 0x0000, 0x0000, 0x0000, 0x0000, 0x0000, 0x786B, 0xF876, 0x5829, 0x0000, 0x0000,
    0x0000, 0x0000, 0x0000, 0x58EA, 0xFBDA, 0xFB9A, 0xFC9B, 0xFBFA, 0xF359, 0xF2D9, 0xF2F9, 0xE2D8,
    0xE297, 0xE277, 0xE257, 0xEA57, 0xE237, 0xE237, 0xF258, 0xFA39, 0xF219, 0xFA39, 0xFA39, 0xF259,
    0xFA99, 0xFABA, 0xFAFA, 0xF35A, 0xF3BA, 0xF47B, 0xFD3C, 0xFE1D, 0xFF1E, 0xFFFF, 0xF71D, 0xCC96,
    0xFC7B, 0xA10F, 0xE438, 0xFF5F, 0xFF7E, 0xFEFE, 0xFD9C, 0xFCDB, 0xFC1A, 0xFBBA, 0xFA38, 0xF918,
    0xF9F9, 0xD9D5, 0x5809, 0x50CF, 0xECBC, 0x3988, 0x0000, 0x0000, 0x0000, 0x0000, 0x0000, 0x20A5,
    0xAA12, 0xC215, 0xB973, 0xB953, 0xB994, 0xC1B4, 0xC1D4, 0xB9F4, 0xC296, 0xC2F6, 0xC396, 0xC457,
    0xC4F8, 0xCD58, 0xD65A, 0xFFFF, 0xF4DB, 0xE2F8, 0xE956, 0xC913, 0x0000, 0x0000, 0x0000, 0x0000,
    0x0000, 0x9371, 0xF9D9, 0xE156, 0xF57C, 0xF37A, 0xF198, 0xE8D7, 0xE075, 0xD854, 0xD074, 0xC093,
    0xC092, 0xB8B2, 0xB0F1, 0xE1D6, 0xF298, 0xF2F9, 0xFB39, 0xFAF9, 0xFAF9, 0xFAF9, 0xFAD9, 0xFA99,
    0xFB7A, 0xDB77, 0x6029, 0x282A, 0xB976, 0x4046, 0x0000, 0x0000, 0x708C, 0x0000, 0x0000, 0x2825,
    0x3867, 0x5089, 0x4827, 0x0000, 0x0000, 0x0000, 0x0000, 0x0000, 0x0000, 0x0000, 0x0000, 0x0000,
    0x0000, 0x0000, 0x0000, 0x0000, 0x0000, 0x0000, 0x0000, 0x0000, 0x0000, 0x0000, 0x0000, 0x0000,
    0x0000, 0x0000, 0x0000, 0x5048, 0x0000, 0x0000, 0x5849, 0x0000, 0x0000, 0x52AA, 0x0000, 0x0000,
    0x606A, 0xC892, 0x3826, 0x0000, 0x0000, 0x0000, 0x0000, 0x0000, 0x50A9, 0xF936, 0xE013, 0xB850,
    0xE2B7, 0xFF3E, 0xED3B, 0xECBA, 0xE3B8, 0xE358, 0xD336, 0xDAF7, 0xDAD7, 0xDAD7, 0xDAB7, 0xDAB7,
    0xDAD7, 0xE2D7, 0xE318, 0xEB59, 0xEB79, 0xEB99, 0xF3DA, 0xF3FA, 0xF45B, 0xF4DB, 0xF53C, 0xF5DD,
    0xFEFE, 0xFFDF, 0xFFFF, 0xE59A, 0x9A4F, 0xB951, 0x702A, 0xEAD7, 0xFE5E, 0xFD9C, 0xFD3C, 0xFD3C,
    0xFB7A, 0xF9D8, 0xF8D7, 0xF9D8, 0xB9B2, 0x6028, 0x1006, 0x70F0, 0x30A6, 0x0000, 0x0000, 0x0000,
    0x0000, 0x0000, 0x516A, 0xE2B8, 0xFBDB, 0xEBDA, 0xF3BA, 0xF39A, 0xF39A, 0xFBBB, 0xFBBB, 0xFBDB,
    0xFBFC, 0xFC3C, 0xFC9C, 0xFCBD, 0xFCDC, 0xFFDF, 0xFE9D, 0xEA57, 0xF239, 0xD215, 0xF8D6, 0x40C8,
    0x0000, 0x0000, 0x0000, 0x0000, 0x2125, 0xE1F6, 0xC852, 0xEC1A, 0xFFFF, 0xFEBE, 0xFD5C, 0xFD1C,
    0xF49B, 0xFC5B, 0xFC1B, 0xFB9B, 0xFB3B, 0xFB5A, 0xFB7A, 0xFB3A, 0xFAD9, 0xFAB9, 0xFA99, 0xFAB9,
    0xFAB9, 0xFAD9, 0xFA99, 0xFB7A, 0xCB16, 0x682B, 0x400C, 0xA154, 0xA930, 0x0000, 0x0000, 0x5049,
    0x2825, 0x0000, 0x2824, 0x5048, 0x5889, 0x5889, 0x0000, 0x0000, 0x584A, 0x0000, 0x0000, 0x0000,
    0x0000, 0x0000, 0x0000, 0x0000, 0x0000, 0x0000, 0x0000, 0x0000, 0x0000, 0x0000, 0x0000, 0x0000,
    0x0000, 0x0000, 0x0000, 0x0000, 0x0000, 0x0000, 0x2825, 0x0000, 0x4847, 0x2825, 0x0000, 0x0000,
    0x0000, 0x31A5, 0xBE33, 0x39A9, 0x0000, 0x0000, 0x886C, 0x882C, 0x0000, 0x0000, 0x0000, 0x0000,
    0x0000, 0x8A4F, 0xE0F3, 0xA80E, 0xB00E, 0xEBD8, 0xFFFF, 0xFF9F, 0xFF9F, 0xFFBF, 0xFF1E, 0xFD3C,
    0xFCFB, 0xFD3C, 0xFD3C, 0xFCFC, 0xFD1B, 0xFCFB, 0xFCFB, 0xFCFB, 0xFCFB, 0xFD1B, 0xFCFB, 0xFCFB,
    0xFCFB, 0xFCFB, 0xFCFB, 0xFD5C, 0xFDFC, 0xFE7D, 0xFF3E, 0xFDFD, 0xA230, 0x712B, 0x808C, 0x6008,
    0xEA36, 0xFD5C, 0xFD5C, 0xFC9B, 0xF957, 0xF8F7, 0xF278, 0xB9B2, 0x4005, 0x0000, 0x484A, 0x2825,
    0x0000, 0x0000, 0x0000, 0x0000, 0x0000, 0x91EF, 0xFB7B, 0xF43B, 0xE398, 0xF5BC, 0xFE9D, 0xFE7D,
    0xFE3D, 0xFDDC, 0xFD9C, 0xFD7C, 0xFD5C, 0xFD5C, 0xFD5C, 0xF47B, 0xED3B, 0xEC19, 0xE996, 0xFA59,
    0xD295, 0xE074, 0xAA32, 0x0000, 0x0000, 0x0000, 0x0000, 0x3967, 0xD215, 0xF278, 0xE399, 0xF51C,
    0xFE5D, 0xFDBC, 0xFD7C, 0xFD3C, 0xFCFC, 0xFC3B, 0xFB3A, 0xFAB9, 0xFAB9, 0xFA99, 0xFA99, 0xFAB9,
    0xFAD9, 0xFAB9, 0xFAB9, 0xFAB9, 0xFAB9, 0xFA99, 0xFB5A, 0xD316, 0x602A, 0x2007, 0xA194, 0xDB37,
    0x5009, 0x0000, 0x0000, 0x4868, 0x0000, 0x0000, 0x2024, 0x4847, 0x608A, 0x0000, 0x686B, 0x2825,
    0x0000, 0x0000, 0x0000, 0x0000, 0x0000, 0x0000, 0x0000, 0x0000, 0x0000, 0x0000, 0x0000, 0x0000,
    0x0000, 0x0000, 0x0000, 0x0000, 0x0000, 0x0000, 0x0000, 0x0000, 0x0000, 0x0000, 0x0000, 0x3846,
    0x0000, 0x3046, 0x606A, 0x5849, 0x0000, 0x0000, 0x53A4, 0xE7F5, 0x734F, 0x0000, 0x0000, 0x5848,
    0x782B, 0x0000, 0x0000, 0x0000, 0x0000, 0x0000, 0x922F, 0xB86F, 0x680A, 0x800B, 0xE3D8, 0xFFFF,
    0xFFFF, 0xFFDF, 0xFE3D, 0xFD5C, 0xFD1B, 0xFD1B, 0xFD9C, 0xFD5C, 0xFD1B, 0xFD3B, 0xFD3B, 0xFD1B,
    0xFD1B, 0xFD1B, 0xFD1B, 0xFD1B, 0xFD1B, 0xFD1B, 0xFD1B, 0xFD5C, 0xFD5B, 0xFD9C, 0xFD7C, 0xFE1C,
    0xFD1D, 0x894D, 0x68CB, 0x5868, 0x3804, 0xD994, 0xFD3C, 0xFC1A, 0xF937, 0xF258, 0xA970, 0x3005,
    0x0000, 0x5029, 0x986D, 0x0000, 0x0000, 0x0000, 0x0000, 0x4107, 0xD255, 0xFBFC, 0xE3F9, 0xEC9A,
    0xFF1E, 0xFF1E, 0xFEBD, 0xFEBD, 0xFE5D, 0xFDDD, 0xFDDC, 0xFDFC, 0xFE1D, 0xFE1D, 0xEC1A, 0xEB18,
    0xF257, 0xF9B7, 0xFA39, 0xE317, 0xB870, 0xF1F8, 0x2925, 0x0000, 0x0000, 0x0000, 0x81CE, 0xF258,
    0xFBFB, 0xEBDA, 0xF3BA, 0xFE1D, 0xFDBD, 0xFD5C, 0xFD1C, 0xFD1C, 0xFBFB, 0xFAF9, 0xFAB9, 0xFAB9,
    0xFAD9, 0xFAD9, 0xFAD9, 0xFAD9, 0xFAB9, 0xFAB9, 0xFA99, 0xFA99, 0xFA99, 0xFB3A, 0xCAD5, 0x5008,
    0x0000, 0x9930, 0xFDDD, 0xD1D6, 0x3806, 0x0000, 0x2025, 0x0000, 0x0000, 0x3025, 0x606A, 0x5088,
    0x3846, 0x706C, 0x0000, 0x0000, 0x3026, 0x0000, 0x0000, 0x0000, 0x0000, 0x0000, 0x0000, 0x0000,
    0x0000, 0x0000, 0x0000, 0x0000, 0x0000, 0x0000, 0x0000, 0x0000, 0x0000, 0x0000, 0x0000, 0x0000,
    0x0000, 0x0000, 0x0000, 0x3025, 0x0000, 0x3846, 0x4867, 0x0000, 0x5068, 0x0000, 0x0000, 0x8583,
    0xF7F6, 0xC5B9, 0x2925, 0x0000, 0x2024, 0x3826, 0x0000, 0x0000, 0x0000, 0x0000, 0x0000, 0x9990,
    0x702A, 0x4027, 0x780A, 0xE3D8, 0xFFFF, 0xFF1E, 0xFD7C, 0xFD3C, 0xFCFB, 0xFD1B, 0xFD1B, 0xFCFB,
    0xFD1B, 0xFD1B, 0xFD1B, 0xFD1B, 0xFD1B, 0xFD1B, 0xFD1B, 0xFD1B, 0xFD1B, 0xFD1B, 0xFD1B, 0xFD1B,
    0xFD1B, 0xFD3B, 0xFD3B, 0xFCFB, 0xF65D, 0xFCFC, 0x6849, 0x6089, 0x3046, 0x3805, 0xD9D5, 0xFC1A,
    0xF2B8, 0xA92F, 0x0000, 0x0000, 0x78CD, 0xF278, 0x782A, 0x0000, 0x0000, 0x0000, 0x792C, 0xF2B8,
    0xFC5B, 0xE419, 0xF5FC, 0xFF9F, 0xFEFE, 0xFEBE, 0xFEBD, 0xFE9D, 0xFE9E, 0xFE5D, 0xFDFD, 0xFD5C,
    0xF45B, 0xF2F9, 0xE997, 0xF9B8, 0xF9F8, 0xFA18, 0xFAF9, 0xB130, 0xF0B6, 0x8A90, 0x0000, 0x0000,
    0x4128, 0xC234, 0xFAFA, 0xF45B, 0xEC3A, 0xFCFB, 0xFE3D, 0xFDDD, 0xFD7C, 0xFD3C, 0xFD1B, 0xFBDA,
    0xFAD9, 0xFAB9, 0xFAB9, 0xFAB9, 0xFAD9, 0xFAD9, 0xFAD9, 0xFAD9, 0xFA99, 0xFA99, 0xFA79, 0xFA79,
    0xFAD9, 0xFB1A, 0xCA54, 0x4005, 0x91CF, 0xFC5B, 0xF47C, 0xD8F6, 0x404A, 0x2008, 0x0000, 0x0000,
    0x0000, 0x5849, 0x5869, 0x4888, 0x5069, 0x3026, 0x5849, 0x0000, 0x2825, 0x0000, 0x0000, 0x0000,
    0x0000, 0x0000, 0x0000, 0x0000, 0x0000, 0x0000, 0x0000, 0x0000, 0x0000, 0x0000, 0x0000, 0x0000,
    0x0000, 0x0000, 0x0000, 0x0000, 0x0000, 0x0000, 0x2025, 0x0000, 0x5069, 0x0000, 0x2824, 0x70AB,
    0x3845, 0x0000, 0x0000, 0x0000, 0x9F01, 0xEFF5, 0xEF5E, 0x632C, 0x0000, 0x0000, 0x0000, 0x0000,
    0x0000, 0x0000, 0x0000, 0x0000, 0x80AD, 0x5008, 0x3826, 0x880B, 0xECFA, 0xFF1E, 0xFD5C, 0xFD3C,
    0xFD3C, 0xFCFB, 0xFCDB, 0xFCFB, 0xFCFB, 0xFD1B, 0xFD1B, 0xFD1B, 0xFD1B, 0xFD1B, 0xFD1B, 0xFD1B,
    0xFD1B, 0xFD1B, 0xFD1B, 0xFCFB, 0xFCFB, 0xFCFB, 0xFD1B, 0xFCFB, 0xFCDB, 0xFE9E, 0xF51C, 0x5088,
    0x786C, 0x5028, 0x3004, 0xD9F5, 0xA92F, 0x0000, 0x0000, 0xA0EF, 0xF43B, 0xEA77, 0x4806, 0x0000,
    0x2825, 0xA951, 0xFB9A, 0xF4BB, 0xEC7A, 0xFEFE, 0xFF9F, 0xFEDE, 0xFF1E, 0xFF5E, 0xFEDE, 0xF59C,
    0xF47A, 0xF359, 0xF258, 0xF1D7, 0xF997, 0xF9B7, 0xF9F8, 0xFA18, 0xF9F8, 0xFA99, 0xC213, 0xC811,
    0xEAD8, 0x0000, 0x0000, 0x792D, 0xEA78, 0xFC1B, 0xECDB, 0xF55C, 0xFE9E, 0xFE3D, 0xFDFD, 0xFD7C,
    0xFD1B, 0xFD3C, 0xFBFA, 0xFA79, 0xFAB9, 0xFAB9, 0xFAB9, 0xFAB9, 0xFAB9, 0xFAD9, 0xFAF9, 0xFAF9,
    0xFA79, 0xFA79, 0xFA59, 0xFA79, 0xFA99, 0xFA59, 0xF319, 0xD2B5, 0xFB1A, 0xF299, 0xFD3C, 0xED5C,
    0x60CF, 0x1809, 0x0000, 0x0000, 0x0000, 0x5028, 0x50A9, 0x68EC, 0x4068, 0x60AA, 0x0000, 0x3846,
    0x0000, 0x2024, 0x0000, 0x0000, 0x0000, 0x0000, 0x0000, 0x0000, 0x0000, 0x0000, 0x0000, 0x0000,
    0x0000, 0x0000, 0x0000, 0x0000, 0x0000, 0x0000, 0x0000, 0x0000, 0x0000, 0x0000, 0x0000, 0x0000,
    0x0000, 0x3845, 0x5089, 0x3025, 0x58A9, 0x2824, 0x0000, 0x0000, 0x42A3, 0xAFC0, 0xDFD4, 0xFFFF,
    0xAD34, 0x20C4, 0x0000, 0x0000, 0x0000, 0x0000, 0x0000, 0x0000, 0x2845, 0x4827, 0x784B, 0xEA57,
    0xF5BC, 0xF51B, 0xFD7C, 0xFD1B, 0xFD1B, 0xFCFB, 0xFCDB, 0xFCFB, 0xFCDB, 0xFCDB, 0xFCDB, 0xFCFB,
    0xFCFB, 0xFCFB, 0xFCFB, 0xFCDB, 0xFCDB, 0xFCDB, 0xFCFB, 0xFCFB, 0xFCFB, 0xFCFB, 0xFCFB, 0xFCFB,
    0xFCBB, 0xFD5B, 0xFC1B, 0x5848, 0x2825, 0xD914, 0x6029, 0x2804, 0x0000, 0x3806, 0xD1D4, 0xFBDA,
    0xFC1B, 0xD114, 0x3805, 0x5849, 0xC934, 0xFD1D, 0xECFB, 0xED1B, 0xFFBF, 0xFF9F, 0xFF7F, 0xFF3E,
    0xF5FC, 0xEC19, 0xEA57, 0xF177, 0xF177, 0xF997, 0xF9B8, 0xF9F8, 0xFA18, 0xFA18, 0xF9F8, 0xF9D8,
    0xFA19, 0xDA97, 0x980D, 0xF999, 0x7A0E, 0x0000, 0xA932, 0xFB7C, 0xFE3D, 0xF61C, 0xFEDD, 0xFF7F,
    0xFE3D, 0xFE1D, 0xFDBC, 0xFD3C, 0xFD5C, 0xFC1A, 0xFA59, 0xFA79, 0xFA78, 0xFA99, 0xFA79, 0xFA99,
    0xFA99, 0xFA99, 0xF2F9, 0xF2F9, 0xFA39, 0xFA58, 0xFA59, 0xFA59, 0xFA39, 0xFA58, 0xFA58, 0xFA39,
    0xF9D8, 0xF9D8, 0xF319, 0xFD3D, 0xA2B3, 0x0000, 0x5151, 0x41CA, 0x0000, 0x0000, 0x3845, 0x3826,
    0x608A, 0x3045, 0x4848, 0x2825, 0x2024, 0x0000, 0x0000, 0x0000, 0x0000, 0x0000, 0x0000, 0x0000,
    0x0000, 0x0000, 0x0000, 0x0000, 0x0000, 0x0000, 0x0000, 0x0000, 0x0000, 0x0000, 0x0000, 0x0000,
    0x0000, 0x0000, 0x0000, 0x0000, 0x0000, 0x3026, 0x2845, 0x5089, 0x50A9, 0x5069, 0x4047, 0x0000,
    0x0000, 0x6C82, 0xB7E0, 0xDF93, 0xFFFF, 0xDEF9, 0x528A, 0x0000, 0x0000, 0x0000, 0x0000, 0x0000,
    0x0000, 0x2804, 0xA0EF, 0xFC5C, 0xF5BC, 0xFCFB, 0xFD1B, 0xFCFB, 0xFCFB, 0xFCFB, 0xFCFB, 0xFD1B,
    0xFD7C, 0xFD9C, 0xFD9C, 0xFD9D, 0xFD9C, 0xFD9C, 0xFD7D, 0xFD9D, 0xFDBD, 0xFDBD, 0xFD7C, 0xFCFB,
    0xFCFB, 0xFCDB, 0xFCDB, 0xFCDB, 0xFCBB, 0xFD5C, 0xC132, 0x0000, 0x5008, 0xD974, 0xF9B8, 0x5808,
    0x5028, 0xEA57, 0xFBFB, 0xFB79, 0xFBDA, 0xB8B1, 0x2804, 0xB111, 0xFE1E, 0xEDDC, 0xF63D, 0xFFFF,
    0xFFDF, 0xFEBE, 0xF4BB, 0xEA78, 0xF176, 0xF137, 0xF997, 0xF9D8, 0xFA18, 0xF9F8, 0xF9D8, 0xF9D8,
    0xF9D8, 0xF9F8, 0xF9F8, 0xF9D8, 0xF2F9, 0x98AE, 0xC833, 0xDA78, 0x4847, 0xD155, 0xFD7E, 0xFFFF,
    0xFF7E, 0xFFDF, 0xFFDF, 0xFE9D, 0xFE5D, 0xFDFD, 0xFD5C, 0xFD1C, 0xFCBB, 0xFB5A, 0xFAD9, 0xFB3A,
    0xFB3A, 0xFB5A, 0xFB5A, 0xFB7A, 0xFB3A, 0xF2F9, 0xDB57, 0xF9F8, 0xFA58, 0xFA38, 0xFA39, 0xFA38,
    0xFA38, 0xFA38, 0xFA18, 0xFA18, 0xFA18, 0xFA18, 0xF9D8, 0xF43A, 0xFB9C, 0x590B, 0x302F, 0xCD7C,
    0x51ED, 0x0000, 0x2824, 0x684B, 0x2845, 0x4868, 0x3026, 0x0000, 0x0000, 0x0000, 0x0000, 0x0000,
    0x0000, 0x0000, 0x0000, 0x0000, 0x0000, 0x0000, 0x0000, 0x0000, 0x0000, 0x0000, 0x0000, 0x0000,
    0x0000, 0x0000, 0x0000, 0x0000, 0x0000, 0x0000, 0x0000, 0x2825, 0x3025, 0x3848, 0x5049, 0x5069,
    0x4848, 0x4848, 0x686B, 0x0000, 0x0000, 0x0000, 0x9661, 0xB7E1, 0xDFB4, 0xFFFE, 0xFFFC, 0x8C8E,
    0x0000, 0x0000, 0x0000, 0x0000, 0x0000, 0x5828, 0xD1F3, 0xFCFC, 0xF51C, 0xFD1B, 0xFCFB, 0xFCFB,
    0xFCFB, 0xFCFB, 0xFCDB, 0xFD7C, 0xDB17, 0xC1D3, 0xB1D2, 0xA1B0, 0xA991, 0xB1B1, 0xB9D2, 0xCA14,
    0xD255, 0xC234, 0xD356, 0xFC7B, 0xFCDB, 0xFCDB, 0xFCDB, 0xFCBB, 0xFCFB, 0xFCBB, 0x806C, 0x0000,
    0xA150, 0xFB7B, 0xFB7A, 0xD9B5, 0xE277, 0xFBDA, 0xFB59, 0xFBFA, 0xF2F8, 0x6809, 0x2004, 0xBA73,
    0xF61D, 0xFF5E, 0xFFFF, 0xFF1E, 0xF45A, 0xF238, 0xF957, 0xF9B7, 0xFA19, 0xFA39, 0xFA38, 0xFA18,
    0xFA18, 0xFA18, 0xF9F8, 0xFA18, 0xF9F8, 0xF9F8, 0xF978, 0xFA99, 0xB972, 0x780A, 0xF919, 0x60EB,
    0x782B, 0xFE3E, 0xFFFF, 0xFFFF, 0xFFFF, 0xFFDF, 0xFF1E, 0xFE5D, 0xFDFD, 0xFD5C, 0xFCDB, 0xFCFC,
    0xFC5C, 0xE378, 0xC234, 0xC1F3, 0xB171, 0xA910, 0xA910, 0xB151, 0xB972, 0x916F, 0xECDA, 0xFBDB,
    0xF9B8, 0xFA38, 0xFA39, 0xFA38, 0xFA18, 0xFA18, 0xFA18, 0xF9F8, 0xF9F8, 0xF9F8, 0xF9F8, 0xFA19,
    0xFCBC, 0xE419, 0x6133, 0xBB9D, 0xF75E, 0x518F, 0x0000, 0x2824, 0x6048, 0x4027, 0x4048, 0x3025,
    0x3026, 0x0000, 0x0000, 0x0000, 0x0000, 0x0000, 0x0000, 0x0000, 0x0000, 0x0000, 0x0000, 0x0000,
    0x0000, 0x0000, 0x0000, 0x0000, 0x0000, 0x0000, 0x0000, 0x0000, 0x0000, 0x0000, 0x0000, 0x3026,
    0x0000, 0x0000, 0x3847, 0x0000, 0x5868, 0x3847, 0x5068, 0x0000, 0x0000, 0x0000, 0x2983, 0xAFA1,
    0xAFA1, 0xDFB4, 0xFFFD, 0xF7F6, 0xAE4B, 0x29A2, 0x0000, 0x0000, 0x3005, 0x6869, 0xEA77, 0xF53C,
    0xF41A, 0xFD1B, 0xFCDB, 0xFCFB, 0xFCFB, 0xFCFB, 0xFCFB, 0xFD3D, 0xA8B0, 0x0000, 0x0000, 0x0000,
    0x0000, 0x0000, 0x0000, 0x0000, 0x0000, 0x4807, 0xD215, 0xFC7B, 0xFCBB, 0xFCBB, 0xFCBB, 0xFCBB,
    0xFD3C, 0xEB78, 0x4807, 0x2804, 0xDB97, 0xFC7C, 0xFB79, 0xFBBA, 0xFB9A, 0xFB9A, 0xFB79, 0xFC3B,
    0xD9B4, 0x3005, 0x5807, 0xF3F9, 0xF65D, 0xFFFF, 0xF61D, 0xF218, 0xF997, 0xFA18, 0xFA18, 0xFAF9,
    0xE2F7, 0xEA57, 0xEA78, 0xEA78, 0xEA58, 0xEA37, 0xEA18, 0xF218, 0xF9B8, 0xF218, 0xF35A, 0xE1D6,
    0x600A, 0xC073, 0xA0F2, 0x0000, 0x892E, 0xF71E, 0xFFBF, 0xFFFF, 0xFF5E, 0xFF3E, 0xFF1E, 0xFE3D,
    0xFD7C, 0xFCDB, 0xFD9C, 0xECBA, 0xC213, 0x804C, 0x3805, 0x0000, 0x0000, 0x0000, 0x0000, 0x0000,
    0x0000, 0x3005, 0xB8B0, 0xFC7B, 0xF49B, 0xF9D8, 0xFA38, 0xFA18, 0xFA18, 0xF9F8, 0xF9F8, 0xFA38,
    0xFA39, 0xF9F8, 0xFA18, 0xF9D8, 0xF35A, 0xFEBE, 0xF5FE, 0xEE3E, 0xFFFF, 0xE69D, 0x516E, 0x0000,
    0x2825, 0x4047, 0x2825, 0x2024, 0x2025, 0x0000, 0x0000, 0x0000, 0x0000, 0x0000, 0x0000, 0x0000,
    0x0000, 0x0000, 0x0000, 0x0000, 0x0000, 0x0000, 0x0000, 0x0000, 0x0000, 0x0000, 0x0000, 0x0000,
    0x0000, 0x0000, 0x0000, 0x0000, 0x3826, 0x2024, 0x5049, 0x3826, 0x5028, 0x4047, 0x4868, 0x2824,
    0x0000, 0x1825, 0x0000, 0x5362, 0xB7E0, 0xB783, 0xC70F, 0xD7B1, 0xBFC8, 0x4321, 0x0000, 0x0000,
    0x3005, 0x788B, 0xFB18, 0xF4FB, 0xFC3A, 0xFD1B, 0xFCDB, 0xFCDB, 0xFCFB, 0xFCDB, 0xFD5C, 0xF3DA,
    0x6009, 0x0000, 0x0000, 0x0000, 0x0000, 0x0000, 0x0000, 0x0000, 0x0000, 0xB171, 0xF43B, 0xFCBA,
    0xFCBB, 0xFCBB, 0xFCBB, 0xFC9B, 0xFD3C, 0xC9F3, 0x2003, 0x6829, 0xFCDB, 0xFBBA, 0xFBBA, 0xFB9A,
    0xFBB9, 0xFBB9, 0xFB9A, 0xFC3B, 0xA0AF, 0x0000, 0x986E, 0xFD1C, 0xF71E, 0xFF3E, 0xF299, 0xF9F8,
    0xFA58, 0xFA18, 0xF2D8, 0xBA33, 0x5828, 0x4807, 0x5007, 0x5007, 0x5007, 0x5008, 0x5008, 0x6009,
    0x6009, 0x6009, 0xE276, 0x704A, 0x600B, 0xD8F6, 0x0000, 0x2804, 0xCAF5, 0xFE9E, 0xFF7E, 0xFE7D,
    0xFDBC, 0xFDBC, 0xFDDC, 0xFD7C, 0xFCDB, 0xFD5D, 0xDBD7, 0x808D, 0x4007, 0x0000, 0x0000, 0x0000,
    0x0000, 0x0000, 0x0000, 0x0000, 0x0000, 0x0000, 0x0000, 0x900C, 0xFB99, 0xFCBB, 0xF9B8, 0xFA18,
    0xFA18, 0xF9F8, 0xF9F8, 0xFA38, 0xFA18, 0xF9F8, 0xF9F8, 0xFA18, 0xFA79, 0xF41A, 0xCA57, 0xB41C,
    0xFF5F, 0xE6DD, 0x492C, 0x0000, 0x2025, 0x5049, 0x2824, 0x1825, 0x0000, 0x0000, 0x0000, 0x0000,
    0x0000, 0x0000, 0x0000, 0x0000, 0x0000, 0x0000, 0x0000, 0x0000, 0x0000, 0x0000, 0x0000, 0x0000,
    0x0000, 0x0000, 0x0000, 0x0000, 0x0000, 0x0000, 0x0000, 0x3025, 0x0000, 0x3024, 0x2825, 0x0000,
    0x606A, 0x2804, 0x3025, 0x4027, 0x4828, 0x0000, 0x0000, 0x0000, 0x8562, 0xB7E0, 0xA6E4, 0x8D67,
    0xAF27, 0x2181, 0x0000, 0x2844, 0x3004, 0x992E, 0xFC1A, 0xF47B, 0xFC9B, 0xFCFB, 0xFCDB, 0xFCDB,
    0xFCFB, 0xFCDB, 0xFD7C, 0xD235, 0x2804, 0x0000, 0x302A, 0x402D, 0x688E, 0x70CE, 0x68AC, 0x0000,
    0x6809, 0xFBDB, 0xF4FB, 0xFC7A, 0xFCBB, 0xFC9B, 0xFCBB, 0xFCBB, 0xFCDB, 0xA8D0, 0x0000, 0xB171,
    0xFD3D, 0xF339, 0xFBDA, 0xFBBA, 0xFBBA, 0xFB9A, 0xFBDA, 0xEB78, 0x702A, 0x2803, 0xE1D6, 0xF61D,
    0xF6DD, 0xF39A, 0xF9F8, 0xFA38, 0xFA18, 0xFA78, 0xF339, 0x5808, 0x0000, 0x0000, 0x0000, 0x0000,
    0x0000, 0x0000, 0x0000, 0x0000, 0x0000, 0x0000, 0x5048, 0x2807, 0xA893, 0x5069, 0x0000, 0x700A,
    0xFC9B, 0xF5FC, 0xFE1D, 0xFD3C, 0xFD3C, 0xFCFB, 0xFCDB, 0xFD1B, 0xFD5C, 0xC2B4, 0x980E, 0x3808,
    0x0000, 0x2026, 0x2025, 0x0000, 0x0000, 0x3065, 0x0000, 0x0000, 0x0000, 0x0000, 0x0000, 0x0000,
    0x800C, 0xF3DA, 0xFBFB, 0xF9D8, 0xFA18, 0xF9F8, 0xF9F8, 0xF9D8, 0xF9D8, 0xF9D8, 0xF9F8, 0xF9B8,
    0xFA99, 0xEA56, 0x600B, 0x180E, 0xCD1E, 0x6A70, 0x0000, 0x0000, 0x606A, 0x0000, 0x4047, 0x2024,
    0x0000, 0x0000, 0x0000, 0x0000, 0x0000, 0x0000, 0x0000, 0x0000, 0x0000, 0x0000, 0x0000, 0x0000,
    0x0000, 0x0000, 0x0000, 0x0000, 0x0000, 0x0000, 0x0000, 0x0000, 0x0000, 0x0000, 0x0000, 0x2024,
    0x0000, 0x2024, 0x2826, 0x2045, 0x3026, 0x4047, 0x3827, 0x3026, 0x2824, 0x0000, 0x0000, 0x0000,
    0x0000, 0xA721, 0xB7E1, 0x95E6, 0x3A63, 0x0000, 0x0000, 0x3846, 0x3826, 0xC152, 0xFCDC, 0xF43A,
    0xFCFB, 0xFCDB, 0xFCDB, 0xFCDB, 0xFCDB, 0xFCDB, 0xFCFC, 0xC0D1, 0x0000, 0x0000, 0x0000, 0x0000,
    0x0000, 0x0000, 0x0000, 0x0000, 0xA0AF, 0xFD5C, 0xF4DB, 0xFC9B, 0xFC9B, 0xFC9B, 0xFC9B, 0xFC7B,
    0xF3FA, 0x702A, 0x0000, 0xDAD6, 0xFC9B, 0xFB39, 0xFBDA, 0xFBBA, 0xFBBA, 0xFB7A, 0xFC1B, 0xDA56,
    0x5007, 0x5828, 0xFB5A, 0xF59B, 0xF43A, 0xF9D8, 0xFA18, 0xFA18, 0xF9F8, 0xFAF9, 0xE216, 0x2804,
    0x0000, 0x1808, 0x282A, 0x308A, 0x390A, 0x38CB, 0x304A, 0x2029, 0x1006, 0x0000, 0x284A, 0x8072,
    0x80AE, 0x0000, 0x0000, 0xB8B1, 0xF55C, 0xF51B, 0xFD1C, 0xFCFB, 0xFCDB, 0xFCBB, 0xFC7B, 0xFD3C,
    0xBA73, 0x800D, 0x502A, 0x3027, 0x588C, 0x3847, 0x0000, 0x0000, 0x0000, 0x79CD, 0x0000, 0x0000,
    0x0000, 0x0000, 0x4029, 0x3008, 0x2006, 0xB850, 0xFD7D, 0xF33A, 0xF9D8, 0xF9D8, 0xF9D8, 0xF9D8,
    0xF9D8, 0xF9D8, 0xF9F8, 0xF9B8, 0xFAF9, 0xB971, 0x2006, 0x1849, 0x6230, 0x0000, 0x0000, 0x0000,
    0x3045, 0x3046, 0x3028, 0x0000, 0x0000, 0x0000, 0x0000, 0x0000, 0x0000, 0x0000, 0x0000, 0x0000,
    0x0000, 0x0000, 0x0000, 0x0000, 0x0000, 0x0000, 0x0000, 0x0000, 0x0000, 0x0000, 0x0000, 0x0000,
    0x0000, 0x0000, 0x0000, 0x0000, 0x2024, 0x2825, 0x0000, 0x3846, 0x2845, 0x3847, 0x604A, 0x2024,
    0x2024, 0x2004, 0x0000, 0x2848, 0x0000, 0x3AA2, 0xAFE0, 0x96A1, 0x4B02, 0x0000, 0x0000, 0x2825,
    0x4026, 0xE1B5, 0xF53C, 0xF43A, 0xFCFB, 0xFCDB, 0xFCDB, 0xFCDB, 0xFCDB, 0xFD1B, 0xEC19, 0x780A,
    0x0000, 0x0000, 0x0000, 0x0000, 0x0000, 0x0000, 0x0000, 0x4806, 0xD2F6, 0xFD7D, 0xFC5B, 0xFCDB,
    0xFC9B, 0xFC1A, 0xFB39, 0xFB7A, 0xD2B6, 0x3805, 0x5007, 0xFC5B, 0xF3DA, 0xFB9A, 0xFBBA, 0xFBBA,
    0xFB9A, 0xFB7A, 0xFC5B, 0xC132, 0x0000, 0x886C, 0xFCFC, 0xEBBA, 0xF9F8, 0xF9F8, 0xF9F8, 0xF9F8,
    0xF9D8, 0xF319, 0xA8CF, 0x0000, 0x0000, 0x2029, 0x302B, 0x490B, 0x51AB, 0x516B, 0x408B, 0x302B,
    0x2028, 0x1829, 0x508F, 0x98B2, 0x0000, 0x0000, 0x4006, 0xF2B8, 0xF51B, 0xFC5B, 0xFCDB, 0xFC9B,
    0xFC9B, 0xFC5A, 0xFC9B, 0xEC19, 0x702A, 0x2807, 0x604E, 0x68CD, 0x0000, 0x0000, 0x0000, 0x0000,
    0x4127, 0xCB35, 0x0000, 0x0000, 0x0000, 0x0000, 0x0000, 0x502B, 0x2828, 0x3005, 0xB1F1, 0xFC9B,
    0xF998, 0xF9F8, 0xF9D8, 0xF9D8, 0xF9D8, 0xF9D8, 0xF9D8, 0xF9D8, 0xF319, 0x906E, 0x0000, 0x1026,
    0x0000, 0x0000, 0x0000, 0x2825, 0x0000, 0x3846, 0x2025, 0x2024, 0x2024, 0x0000, 0x0000, 0x0000,
    0x0000, 0x0000, 0x0000, 0x0000, 0x0000, 0x0000, 0x0000, 0x0000, 0x0000, 0x0000, 0x0000, 0x0000,
    0x0000, 0x0000, 0x0000, 0x0000, 0x0000, 0x0000, 0x0000, 0x0000, 0x0000, 0x0000, 0x2024, 0x0000,
    0x5069, 0x2824, 0x0000, 0x3026, 0x2805, 0x0000, 0x0000, 0x2026, 0x1825, 0x0000, 0x6CA1, 0x9720,
    0x32A1, 0x0000, 0x0000, 0x2004, 0x6069, 0xFB18, 0xF4FB, 0xFC5A, 0xFCFB, 0xFCDB, 0xFCDB, 0xFCDB,
    0xFCBB, 0xFD3B, 0xE2D7, 0x5007, 0x0000, 0x0000, 0x0000, 0x0000, 0x0000, 0x0000, 0x2004, 0x6008,
    0xF47B, 0xF57C, 0xFC3A, 0xFBFA, 0xFB59, 0xFAB9, 0xFA99, 0xFB5A, 0xB172, 0x2004, 0x988D, 0xFCFC,
    0xF359, 0xFBBA, 0xFB9A, 0xFB9A, 0xFBBA, 0xFB9A, 0xF39A, 0x904D, 0x0000, 0xB9D2, 0xFD7D, 0xF218,
    0xF9B8, 0xF9D8, 0xF9D8, 0xF9B8, 0xF9F8, 0xF2D8, 0x700A, 0x0000, 0x0000, 0x0000, 0x0000, 0x0000,
    0x0000, 0x0000, 0x0000, 0x0000, 0x0000, 0x1026, 0x7872, 0x2825, 0x0000, 0x0000, 0x708B, 0xFCBD,
    0xF47A, 0xFC3B, 0xFC7B, 0xFC5B, 0xFC5B, 0xFC3A, 0xFCBC, 0xB192, 0x0000, 0x2828, 0x4869, 0x0000,
    0x0000, 0x0000, 0x0000, 0x0000, 0xB454, 0xF47A, 0x0000, 0x0000, 0x0000, 0x0000, 0x0000, 0x0000,
    0x2826, 0x0000, 0x98CD, 0xFC5B, 0xF998, 0xF9D8, 0xF9D8, 0xF9B8, 0xF9D8, 0xF9D8, 0xF9D8, 0xF9F9,
    0xE2B8, 0x700B, 0x0000, 0x0000, 0x0000, 0x0000, 0x0000, 0x2024, 0x5069, 0x0000, 0x2824, 0x0000,
    0x0000, 0x0000, 0x0000, 0x0000, 0x0000, 0x0000, 0x0000, 0x0000, 0x0000, 0x0000, 0x0000, 0x0000,
    0x0000, 0x0000, 0x0000, 0x0000, 0x0000, 0x0000, 0x0000, 0x0000, 0x0000, 0x0000, 0x0000, 0x0000,
    0x0000, 0x0000, 0x3826, 0x3847, 0x2825, 0x3846, 0x3045, 0x3846, 0x0000, 0x3027, 0x2025, 0x0000,
    0x2027, 0x0000, 0x0000, 0x7561, 0x1940, 0x0000, 0x2024, 0x2004, 0x88AD, 0xFC1B, 0xF49B, 0xFC9B,
    0xFCDB, 0xFCBB, 0xFCBB, 0xFCBB, 0xFCBB, 0xFC9B, 0xB951, 0x2805, 0x0000, 0x0000, 0x0000, 0x0000,
    0x0000, 0x5808, 0xA930, 0xE3D8, 0xFE7E, 0xF3BA, 0xFAF9, 0xFA78, 0xFA78, 0xFAB9, 0xFA99, 0xFB9A,
    0x88AD, 0x0000, 0xC9B3, 0xFDDD, 0xF3FA, 0xFBBA, 0xFB9A, 0xFBDA, 0xFAD9, 0xF9B8, 0xE236, 0x5808,
    0x3005, 0xEC59, 0xF45B, 0xF957, 0xF9F8, 0xF9B8, 0xF9B8, 0xF998, 0xFA59, 0xDA16, 0x4006, 0x0000,
    0x0000, 0x0000, 0x0000, 0x0000, 0x0000, 0x0000, 0x0000, 0x0000, 0x0000, 0x0000, 0x0000, 0x0000,
    0x0000, 0x0000, 0xA9B1, 0xFD5D, 0xF3FA, 0xFC5B, 0xFC5B, 0xFC3B, 0xFC3B, 0xFC3B, 0xF379, 0x784B,
    0x0000, 0x2025, 0x0000, 0x0000, 0x0000, 0x2885, 0x3025, 0x6169, 0xFF9F, 0xFCDA, 0x614A, 0x5949,
    0x30A5, 0x0000, 0x0000, 0x0000, 0x0000, 0x0000, 0x906D, 0xFC9B, 0xF9D8, 0xF9B8, 0xF9B8, 0xF9B8,
    0xF9B8, 0xF9B8, 0xF978, 0xFA79, 0xC214, 0x4007, 0x0827, 0x0000, 0x0000, 0x0000, 0x0000, 0x3025,
    0x2825, 0x2024, 0x3827, 0x0000, 0x0000, 0x0000, 0x0000, 0x0000, 0x0000, 0x0000, 0x0000, 0x0000,
    0x0000, 0x0000, 0x0000, 0x0000, 0x0000, 0x0000, 0x0000, 0x0000, 0x0000, 0x0000, 0x0000, 0x0000,
    0x0000, 0x0000, 0x0000, 0x0000, 0x0000, 0x0000, 0x0000, 0x0000, 0x4847, 0x2826, 0x4867, 0x2024,
    0x3027, 0x2025, 0x0000, 0x0000, 0x0000, 0x2827, 0x0000, 0x1101, 0x0000, 0x0000, 0x0000, 0x0000,
    0xB951, 0xFCFC, 0xF43A, 0xFCBB, 0xFCBB, 0xFC9B, 0xFCBB, 0xFCBB, 0xFCBB, 0xEB99, 0x706B, 0x0000,
    0x0000, 0x0000, 0x3805, 0x808D, 0xCA34, 0xEB78, 0xF3BA, 0xFBFA, 0xFB39, 0xF997, 0xFA18, 0xFA38,
    0xFA38, 0xFA58, 0xFAB9, 0xF359, 0x6829, 0x5027, 0xFBDB, 0xFFDF, 0xFD7C, 0xFBDA, 0xFB5A, 0xF9F8,
    0xF8B7, 0xF998, 0xC1B3, 0x3004, 0x58A9, 0xFD3C, 0xF339, 0xF957, 0xF9D8, 0xF9B8, 0xF998, 0xF977,
    0xFAB9, 0xB931, 0x0000, 0x0000, 0x0000, 0x0000, 0x0000, 0x0000, 0x0000, 0x0000, 0x0000, 0x0000,
    0x0000, 0x0000, 0x0000, 0x0000, 0x0000, 0x0000, 0xD336, 0xFD1C, 0xF37A, 0xFC5B, 0xFC1A, 0xFC1A,
    0xFC1A, 0xFBFB, 0xDA15, 0x5007, 0x0000, 0x0000, 0x0000, 0x0000, 0x0000, 0x0000, 0x696A, 0xDE5A,
    0xFF7F, 0xFC3A, 0xCCD7, 0x612A, 0x0000, 0x0000, 0x0000, 0x0000, 0x0000, 0x0000, 0x802B, 0xF47B,
    0xF9F9, 0xF998, 0xF9B8, 0xF998, 0xF998, 0xF9D8, 0xF978, 0xF279, 0xA930, 0x2006, 0x1008, 0x0000,
    0x0000, 0x0000, 0x0000, 0x2825, 0x2824, 0x3026, 0x0000, 0x0000, 0x0000, 0x0000, 0x0000, 0x0000,
    0x0000, 0x0000, 0x0000, 0x0000, 0x0000, 0x0000, 0x0000, 0x0000, 0x0000, 0x0000, 0x0000, 0x0000,
    0x0000, 0x0000, 0x0000, 0x0000, 0x0000, 0x0000, 0x0000, 0x0000, 0x0000, 0x0000, 0x0000, 0x0000,
    0x2025, 0x3847, 0x0000, 0x3827, 0x3827, 0x0000, 0x0000, 0x0000, 0x0000, 0x1805, 0x2026, 0x0000,
    0x0000, 0x0000, 0x0000, 0x2825, 0xE236, 0xF53C, 0xFC1A, 0xFCBB, 0xFC9B, 0xFC9B, 0xFC9B, 0xFC9B,
    0xFC9C, 0xCA95, 0x3806, 0x0000, 0x6069, 0xB212, 0xE398, 0xEBD9, 0xE317, 0xE1D6, 0xF136, 0xF937,
    0xF977, 0xF997, 0xF977, 0xF998, 0xF998, 0xF997, 0xFB1A, 0xE2D7, 0x6829, 0xA130, 0xFE7E, 0xFFFF,
    0xFEFE, 0xF47B, 0xF278, 0xF158, 0xF8F7, 0xFA79, 0xA10F, 0x0000, 0x90EE, 0xFD7D, 0xF238, 0xF978,
    0xF998, 0xF998, 0xF998, 0xF978, 0xF2B9, 0x906C, 0x0000, 0x0000, 0x0000, 0x0000, 0x0000, 0x0000,
    0x0000, 0x0000, 0x0000, 0x0000, 0x0000, 0x0000, 0x0000, 0x0000, 0x0000, 0x40A7, 0xF49A, 0xF45B,
    0xFB5A, 0xFC1A, 0xFBFA, 0xFBFA, 0xFBDA, 0xFBFA, 0xC152, 0x0000, 0x0000, 0x0000, 0x0000, 0x3166,
    0x634C, 0xBDD7, 0xF7FF, 0xFFFF, 0xFEFE, 0xF53B, 0xFDFD, 0xD4B8, 0x82EF, 0x4147, 0x0000, 0x0000,
    0x0000, 0x0000, 0x904D, 0xF47B, 0xF9B8, 0xF998, 0xF998, 0xF978, 0xF998, 0xF9B8, 0xF938, 0xEA98,
    0x886D, 0x0000, 0x1828, 0x0000, 0x0000, 0x0000, 0x0000, 0x4028, 0x2024, 0x0000, 0x0000, 0x0000,
    0x0000, 0x0000, 0x0000, 0x0000, 0x0000, 0x0000, 0x0000, 0x0000, 0x0000, 0x0000, 0x0000, 0x0000,
    0x0000, 0x0000, 0x0000, 0x0000, 0x0000, 0x0000, 0x0000, 0x0000, 0x0000, 0x0000, 0x0000, 0x0000,
    0x0000, 0x0000, 0x0000, 0x0000, 0x0000, 0x2824, 0x4047, 0x3027, 0x4828, 0x0000, 0x0000, 0x0000,
    0x2005, 0x0000, 0x0000, 0x0000, 0x0000, 0x0000, 0x0000, 0x58C9, 0xFBBA, 0xF4FA, 0xFC3A, 0xFC9B,
    0xFC9B, 0xFC9A, 0xFC7A, 0xFC7B, 0xFC3B, 0xB1B1, 0x996E, 0xDB97, 0xF43A, 0xEB78, 0xE216, 0xE8F6,
    0xF0D6, 0xF937, 0xF978, 0xF977, 0xF977, 0xF978, 0xF978, 0xF957, 0xF998, 0xF977, 0xFC7B, 0xB9B1,
    0x2803, 0xA84F, 0xFDDD, 0xFEFE, 0xF319, 0xF917, 0xF8F7, 0xF917, 0xF917, 0xF278, 0x804B, 0x0000,
    0xC912, 0xFCFC, 0xF137, 0xF998, 0xF978, 0xF958, 0xF958, 0xF998, 0xEA16, 0x6008, 0x0000, 0x0000,
    0x0000, 0x0000, 0x0000, 0x0000, 0x0000, 0x0000, 0x0000, 0x0000, 0x0000, 0x0000, 0x0000, 0x0000,
    0x0000, 0x79CD, 0xFD7C, 0xEB99, 0xFB9A, 0xFBDA, 0xFBDA, 0xFBDA, 0xFB9A, 0xF37A, 0xB911, 0x0000,
    0x0000, 0x0000, 0x5108, 0xAA51, 0xFB39, 0xFBBC, 0xF339, 0xF51B, 0xF65D, 0xF2B9, 0xF1D7, 0xFA37,
    0xEA36, 0xAA11, 0x592A, 0x2043, 0x0000, 0x0000, 0xA0EE, 0xFCDC, 0xF1F8, 0xF998, 0xF958, 0xF998,
    0xF958, 0xF0B7, 0xF938, 0xE2D7, 0x6009, 0x0000, 0x304B, 0x0000, 0x0000, 0x0000, 0x3024, 0x2024,
    0x0000, 0x0000, 0x0000, 0x0000, 0x0000, 0x0000, 0x0000, 0x0000, 0x0000, 0x0000, 0x0000, 0x0000,
    0x0000, 0x0000, 0x0000, 0x0000, 0x0000, 0x0000, 0x0000, 0x0000, 0x20A5, 0x3107, 0x0000, 0x0000,
    0x0000, 0x0000, 0x0000, 0x0000, 0x0000, 0x0000, 0x2065, 0x38C7, 0x0000, 0x0000, 0x3026, 0x3826,
    0x0000, 0x2824, 0x0000, 0x0000, 0x0000, 0x0000, 0x0000, 0x0000, 0x0000, 0x0000, 0x0000, 0x89AE,
    0xFCDB, 0xF47A, 0xFC5B, 0xFC7A, 0xFC7A, 0xFC7B, 0xFC7A, 0xFC3A, 0xEBB9, 0xDC58, 0xF3B9, 0xEA57,
    0xE936, 0xF0D6, 0xF8F7, 0xF937, 0xF957, 0xF937, 0xF937, 0xF957, 0xF957, 0xF937, 0xF957, 0xF937,
    0xF8D7, 0xF3DA, 0xFE5E, 0x988E, 0x0000, 0xB9F2, 0xFCDC, 0xF319, 0xF137, 0xF8D7, 0xF8F7, 0xF8F7,
    0xF958, 0xE216, 0x5007, 0x2804, 0xEAD7, 0xFC1B, 0xF8D7, 0xF978, 0xF937, 0xF938, 0xF8F7, 0xF9D8,
    0xC9B4, 0x3005, 0x0826, 0x0000, 0x0000, 0x0000, 0x0000, 0x0000, 0x0000, 0x0000, 0x0000, 0x0000,
    0x0000, 0x0000, 0x0000, 0x0000, 0x0000, 0xB2F3, 0xFD5D, 0xF2F9, 0xFBBA, 0xFB9A, 0xFB9A, 0xFB9A,
    0xFB7A, 0xFB5A, 0xC0F2, 0x0000, 0x0000, 0x0000, 0x0000, 0x0000, 0x3004, 0x982D, 0xF257, 0xFDBC,
    0xF2F9, 0xF938, 0xD073, 0x6008, 0x0000, 0x0000, 0x0000, 0x0000, 0x0000, 0x0000, 0xC274, 0xFBDB,
    0xF937, 0xF978, 0xF957, 0xF917, 0xF097, 0xF016, 0xF198, 0xCA15, 0x4008, 0x0806, 0x48AD, 0x0000,
    0x0000, 0x0000, 0x0000, 0x0000, 0x0000, 0x3086, 0x0000, 0x0000, 0x0000, 0x0000, 0x0000, 0x0000,
    0x0000, 0x0000, 0x2106, 0x0000, 0x0000, 0x0000, 0x0000, 0x0000, 0x0000, 0x0000, 0x0000, 0x0000,
    0x3066, 0xDC3A, 0xABB5, 0x510A, 0x2804, 0x0000, 0x0000, 0x0000, 0x0000, 0x0000, 0x0000, 0x694B,
    0x7A0E, 0x0000, 0x0000, 0x2024, 0x2023, 0x0000, 0x0000, 0x0000, 0x0000, 0x0000, 0x0000, 0x0000,
    0x0000, 0x0000, 0x0000, 0xB9B2, 0xFD1C, 0xF45A, 0xFC9B, 0xFC5A, 0xFC5A, 0xFC5A, 0xFC5A, 0xF3BA,
    0xEB79, 0xF2D9, 0xF0D6, 0xF8F7, 0xF938, 0xF958, 0xF937, 0xF917, 0xF917, 0xF937, 0xF937, 0xF917,
    0xF937, 0xF917, 0xF8B7, 0xF937, 0xFBBB, 0xFC1A, 0xD974, 0x5068, 0x2803, 0xDB77, 0xFB3A, 0xF117,
    0xF8F7, 0xF8F7, 0xF8F7, 0xF896, 0xF9B8, 0xC172, 0x0000, 0x6008, 0xFC5A, 0xF2B9, 0xF8D7, 0xF918,
    0xF917, 0xF917, 0xF8B7, 0xFA39, 0xA0EF, 0x0000, 0x1026, 0x0000, 0x0000, 0x0000, 0x0000, 0x0000,
    0x0000, 0x0000, 0x0000, 0x0000, 0x0000, 0x0000, 0x0000, 0x0000, 0x0000, 0xDBD8, 0xFD1B, 0xFAB9,
    0xFB9A, 0xFB7A, 0xFB5A, 0xFB5A, 0xFB3A, 0xFBBA, 0xC953, 0x0000, 0x0000, 0x0000, 0x0000, 0x0000,
    0x0000, 0x5108, 0xD3D5, 0xFC7B, 0xF916, 0xD112, 0x7A8D, 0x0000, 0x0000, 0x0000, 0x0000, 0x0000,
    0x0000, 0x6008, 0xFBFA, 0xF238, 0xF8D7, 0xF8F7, 0xF8F7, 0xF076, 0xF076, 0xE816, 0xEA38, 0xA8F0,
    0x2007, 0x204A, 0x48EC, 0x0000, 0x0000, 0x0000, 0x0000, 0x0000, 0x89EF, 0x50C9, 0x0000, 0x0000,
    0x0000, 0x0000, 0x0000, 0x0000, 0x28C7, 0x8A94, 0xB356, 0x0000, 0x0000, 0x0000, 0x0000, 0x0000,
    0x0000, 0x0000, 0x0000, 0x0000, 0x0000, 0xB0F4, 0xFC9F, 0xF47E, 0xBB16, 0x71AD, 0x3807, 0x2005,
    0x2005, 0x0000, 0x0000, 0x0000, 0xA151, 0xCAF6, 0x2946, 0x0000, 0x0000, 0x2024, 0x0000, 0x0000,
    0x0000, 0x0000, 0x0000, 0x0000, 0x0000, 0x0000, 0x2825, 0xEA36, 0xF57C, 0xFC1A, 0xFC7B, 0xFC3A,
    0xFC3A, 0xFC3A, 0xFC3A, 0xFC7B, 0xFB7A, 0xF917, 0xF917, 0xF937, 0xF917, 0xF917, 0xF917, 0xF8F7,
    0xF8F7, 0xF917, 0xF917, 0xF917, 0xF8F7, 0xF8D7, 0xF218, 0xF359, 0xF1F6, 0x880B, 0x0000, 0x0000,
    0x5808, 0xF49B, 0xF1B8, 0xF8D7, 0xF8F7, 0xF8D7, 0xF8B7, 0xF857, 0xFA38, 0xA0AF, 0x0000, 0x904D,
    0xFCFC, 0xF157, 0xF8F7, 0xF8F7, 0xF8F7, 0xF8F7, 0xF8D7, 0xEA78, 0x704A, 0x0000, 0x0000, 0x0000,
    0x0000, 0x0000, 0x0000, 0x0000, 0x0000, 0x0000, 0x0000, 0x0000, 0x0000, 0x0000, 0x0000, 0x0000,
    0x4807, 0xFBFA, 0xF45A, 0xFAD9, 0xFB7A, 0xFB5A, 0xFB3A, 0xFB3A, 0xFB1A, 0xF33A, 0xE996, 0x3005,
    0x0000, 0x0000, 0x0000, 0x0000, 0x3065, 0x40A7, 0x5088, 0xFB59, 0xE0D4, 0x2804, 0x40C7, 0x2864,
    0x0000, 0x0000, 0x0000, 0x0000, 0x0000, 0x90AE, 0xFCFD, 0xF096, 0xF077, 0xF8B7, 0xF8B7, 0xE836,
    0xE015, 0xE836, 0xEAB8, 0x804D, 0x0806, 0x48B0, 0x3889, 0x0000, 0x0000, 0x0000, 0x51AA, 0xDAD7,
    0x70AB, 0x0000, 0x0000, 0x0000, 0x0000, 0x0000, 0x3968, 0x81D4, 0xC23E, 0xDBBC, 0x684C, 0x0000,
    0x0000, 0x0000, 0x0000, 0x0000, 0x0000, 0x0000, 0x0000, 0x0000, 0x0000, 0x606B, 0xFA3B, 0xF57E,
    0xFCDF, 0xFCBF, 0xD419, 0x7A2F, 0x3026, 0x2005, 0x2005, 0x0000, 0x0000, 0xB8F2, 0xFA79, 0x71ED,
    0x0000, 0x0000, 0x0000, 0x0000, 0x0000, 0x0000, 0x0000, 0x0000, 0x0000, 0x0000, 0x5028, 0xFB79,
    0xF53B, 0xFC3B, 0xFC7B, 0xFC5B, 0xFC5B, 0xFC5B, 0xFB9A, 0xF298, 0xF178, 0xF937, 0xF8F7, 0xF917,
    0xF917, 0xF8F7, 0xF8F7, 0xF8F7, 0xF8D7, 0xF8D7, 0xF8B7, 0xF897, 0xF957, 0xF2D9, 0xEA37, 0xA04D,
    0x3804, 0x0000, 0x0000, 0x0000, 0x98EE, 0xFCDC, 0xF097, 0xF8B7, 0xF8B7, 0xF897, 0xF877, 0xF877,
    0xEA37, 0x702A, 0x0000, 0xC9B3, 0xFCBC, 0xF877, 0xF8F7, 0xF8B7, 0xF8B7, 0xF897, 0xF938, 0xDA76,
    0x4006, 0x0000, 0x0000, 0x0000, 0x0000, 0x0000, 0x0000, 0x0000, 0x0000, 0x0000, 0x0000, 0x0000,
    0x0000, 0x0000, 0x0000, 0x0000, 0x780B, 0xFC7B, 0xF399, 0xFB1A, 0xFB3A, 0xFB1A, 0xFAF9, 0xFB3A,
    0xFAF9, 0xF218, 0xFA19, 0x780B, 0x0000, 0x0000, 0x0000, 0x0000, 0x0000, 0x0000, 0x0000, 0xF2F8,
    0x704B, 0x0000, 0x0000, 0x0000, 0x0000, 0x0000, 0x0000, 0x3027, 0x780B, 0xD3F8, 0xF278, 0xF016,
    0xF057, 0xF057, 0xE836, 0xF036, 0xE015, 0xE8F7, 0xE277, 0x600A, 0x0006, 0x6933, 0x2085, 0x0000,
    0x0000, 0x706B, 0xF939, 0x884E, 0x0000, 0x0000, 0x0000, 0x0000, 0x4189, 0x9236, 0xC17F, 0xDADF,
    0xDC5B, 0xB0B1, 0x3827, 0x0000, 0x0000, 0x0000, 0x0000, 0x0000, 0x0000, 0x0000, 0x0000, 0x0000,
    0x0000, 0x2845, 0xE238, 0xFC5C, 0xF6DE, 0xF53E, 0xFCBF, 0xFD3F, 0xDDFB, 0x9331, 0x4048, 0x2005,
    0x2005, 0x2024, 0xB871, 0xF99A, 0xB932, 0x3067, 0x0000, 0x0000, 0x0000, 0x0000, 0x0000, 0x3025,
    0x0000, 0x0000, 0x908D, 0xFCDC, 0xF49B, 0xF41A, 0xF3D9, 0xEB78, 0xEB38, 0xEA57, 0xF198, 0xF138,
    0xF918, 0xF8D7, 0xF8B7, 0xF8D7, 0xF8B7, 0xF8B7, 0xF897, 0xF877, 0xF897, 0xF8D7, 0xF957, 0xF218,
    0xF258, 0xC0D1, 0x5007, 0x0000, 0x0000, 0x0000, 0x0000, 0x0000, 0xCA74, 0xFBFB, 0xF816, 0xF897,
    0xF877, 0xF877, 0xF856, 0xF8F8, 0xD1D5, 0x3805, 0x2803, 0xF379, 0xFB9A, 0xF836, 0xF8B7, 0xF897,
    0xF8B7, 0xF857, 0xF9B9, 0xB1B2, 0x0000, 0x0000, 0x0000, 0x0000, 0x0000, 0x0000, 0x0000, 0x0000,
    0x0000, 0x0000, 0x0000, 0x0000, 0x0000, 0x0000, 0x0000, 0x0000, 0x988E, 0xFCFC, 0xF2D9, 0xFB7B,
    0xFB3A, 0xFB3A, 0xFB5A, 0xF9D8, 0xF8B7, 0xF816, 0xF198, 0xDA36, 0x2804, 0x0000, 0x0000, 0x0000,
    0x0000, 0x0000, 0x0000, 0xAA11, 0x0000, 0x0000, 0x0000, 0x0000, 0x0000, 0x0000, 0x3868, 0x780C,
    0xDBD7, 0xF35A, 0xF015, 0xF036, 0xF016, 0xE816, 0xE016, 0xE035, 0xE015, 0xF1F8, 0xC9B4, 0x4007,
    0x1829, 0x79D2, 0x0000, 0x0000, 0x5028, 0x984F, 0x4808, 0x0000, 0x0000, 0x0000, 0x416B, 0x7996,
    0xB95E, 0xD97F, 0xE3FF, 0xFE3D, 0xE115, 0xC033, 0x0000, 0x0000, 0x0000, 0x0000, 0x0000, 0x0000,
    0x0000, 0x0000, 0x0000, 0x0000, 0x0000, 0x0000, 0xA212, 0xFA7B, 0xF3BB, 0xFFDF, 0xFF9F, 0xF63E,
    0xFD1F, 0xFEBF, 0xE67C, 0x9352, 0x4088, 0x0000, 0x0000, 0x5829, 0xC052, 0xD853, 0x702B, 0x0000,
    0x0000, 0x0000, 0x0000, 0x4887, 0x0000, 0x0000, 0xB8F1, 0xFD5C, 0xF37A, 0xF217, 0xE136, 0xE156,
    0xE917, 0xF0D7, 0xF8D8, 0xF857, 0xF836, 0xF836, 0xF816, 0xF836, 0xF877, 0xF8F8, 0xF958, 0xF9B8,
    0xF1F8, 0xE9F7, 0xE9B6, 0xE176, 0x802B, 0x0000, 0x0000, 0x0000, 0x4829, 0x4027, 0x0000, 0x4005,
    0xF3D9, 0xF299, 0xF816, 0xF877, 0xF857, 0xF857, 0xF816, 0xF998, 0xB952, 0x0000, 0x6008, 0xFC9B,
    0xF1F8, 0xF837, 0xF897, 0xF897, 0xF897, 0xF837, 0xFA99, 0xA930, 0x0000, 0x0000, 0x0000, 0x0000,
    0x0000, 0x0000, 0x0000, 0x0000, 0x0000, 0x0000, 0x0000, 0x0000, 0x0000, 0x0000, 0x0000, 0x0000,
    0xBA12, 0xFE7E, 0xF3FA, 0xFAB9, 0xFA9A, 0xFA59, 0xF118, 0xF816, 0xF837, 0xF857, 0xF016, 0xFADA,
    0xCA74, 0x2024, 0x0000, 0x0000, 0x0000, 0x0000, 0x0000, 0x4887, 0x0000, 0x0000, 0x0000, 0x0000,
    0x0000, 0x3807, 0xA830, 0xEC19, 0xFBDA, 0xF015, 0xF036, 0xF016, 0xF016, 0xE816, 0xE016, 0xE035,
    0xF016, 0xF39A, 0x90CE, 0x1805, 0x38AD, 0x7250, 0x0000, 0x0000, 0x2825, 0x0000, 0x0000, 0x0000,
    0x492D, 0x89B9, 0xA11F, 0x903F, 0xC1DD, 0xF4BE, 0xFEDF, 0xE9D8, 0xF837, 0x88AE, 0x0000, 0x0000,
    0x0000, 0x0000, 0x0000, 0x0000, 0x0000, 0x0000, 0x0000, 0x0000, 0x0000, 0x0000, 0x50EA, 0xFA3B,
    0xF23A, 0xFDBD, 0xFFFF, 0xFFDF, 0xFE5E, 0xF51E, 0xFF3F, 0xFFFF, 0xE73D, 0x8BF2, 0x3908, 0x0000,
    0x0000, 0x682A, 0xB030, 0x982E, 0x2825, 0x0000, 0x0000, 0x68E9, 0x0000, 0x3005, 0xE236, 0xF5BC,
    0xF258, 0xF158, 0xF938, 0xF978, 0xF939, 0xF8B7, 0xF857, 0xF816, 0xF856, 0xF8F7, 0xF998, 0xF9F9,
    0xF218, 0xD9F6, 0xB973, 0x98CF, 0x706B, 0x5828, 0x4007, 0x2004, 0x0000, 0x0000, 0x486B, 0x808F,
    0x4828, 0x0000, 0x0000, 0x7009, 0xFCBB, 0xF117, 0xF816, 0xF857, 0xF857, 0xF857, 0xF816, 0xF218,
    0x888D, 0x0000, 0x90AD, 0xFD1C, 0xF0B7, 0xF877, 0xF877, 0xF877, 0xF877, 0xF857, 0xF0D7, 0xFAFA,
    0x806C, 0x0000, 0x0000, 0x0000, 0x0000, 0x0000, 0x0000, 0x0000, 0x0000, 0x0000, 0x0000, 0x0000,
    0x0000, 0x0000, 0x0000, 0x0000, 0xC9D2, 0xFF5F, 0xF47B, 0xF918, 0xF43B, 0xF1D8, 0xF816, 0xF857,
    0xF036, 0xF857, 0xF837, 0xF056, 0xFBBB, 0xCB36, 0x2024, 0x0000, 0x0000, 0x0000, 0x0000, 0x0000,
    0x0000, 0x0000, 0x0000, 0x0000, 0x4007, 0xB973, 0xFCBB, 0xFB5A, 0xF015, 0xF036, 0xF036, 0xF016,
    0xE816, 0xE816, 0xE035, 0xE014, 0xF1F9, 0xECFA, 0x700B, 0x0006, 0x6A12, 0x522A, 0x0000, 0x0000,
    0x0000, 0x0000, 0x510E, 0x8959, 0xB11F, 0x901F, 0x989E, 0xC1DE, 0xEB7E, 0xFDDF, 0xF25A, 0xF017,
    0xF8D9, 0x3866, 0x0000, 0x0000, 0x0000, 0x0000, 0x0000, 0x0000, 0x0000, 0x0000, 0x0000, 0x0000,
    0x0000, 0x0000, 0x0000, 0xD997, 0xF9DB, 0xFB7C, 0xFF7F, 0xFFFF, 0xFFBF, 0xFF5F, 0xFE9E, 0xF5FE,
    0xFE7F, 0xFF3F, 0xF6BE, 0xA3F4, 0x4129, 0x0000, 0x0000, 0x5809, 0x682A, 0x0000, 0x38E6, 0x60E9,
    0x0000, 0x5808, 0xEBB8, 0xEBD9, 0xE917, 0xF158, 0xF158, 0xF938, 0xF877, 0xF857, 0xF857, 0xF1D8,
    0xDA36, 0xC9D4, 0xB151, 0x88AD, 0x6029, 0x3005, 0x0000, 0x0000, 0x0000, 0x0000, 0x0000, 0x0000,
    0x38A9, 0x9192, 0x78CE, 0x0000, 0x0000, 0x0000, 0x0000, 0xA12F, 0xFCBC, 0xF016, 0xF857, 0xF857,
    0xF037, 0xF036, 0xF877, 0xEA37, 0x6028, 0x0000, 0xB1D2, 0xFC7B, 0xF856, 0xF877, 0xF857, 0xF857,
    0xF857, 0xF857, 0xF816, 0xF8F8, 0xF339, 0xC1D3, 0xC192, 0xC172, 0xC172, 0xC192, 0xB971, 0xB9B2,
    0xC192, 0xC193, 0xC192, 0xB9B2, 0xB9B2, 0xCA14, 0x5828, 0x0000, 0x4806, 0xE2F7, 0xFF1F, 0xF1F8,
    0xF198, 0xF857, 0xF836, 0xF837, 0xF837, 0xF836, 0xF036, 0xF836, 0xF016, 0xFADA, 0xEA98, 0x686A,
    0x2804, 0x0000, 0x0000, 0x0000, 0x0000, 0x3005, 0x4026, 0x90AD, 0xEB18, 0xFC3B, 0xF198, 0xF816,
    0xF036, 0xF036, 0xF016, 0xF016, 0xE816, 0xE035, 0xD814, 0xE836, 0xFE9E, 0xE418, 0x5008, 0x0808,
    0x9B77, 0x2946, 0x0000, 0x0000, 0x488E, 0x893B, 0x909F, 0xC13E, 0xEADE, 0xC9BE, 0xD9DF, 0xD95F,
    0xEAFF, 0xFA9A, 0xE857, 0xF91A, 0xC8B4, 0x0000, 0x0000, 0x0000, 0x0000, 0x0000, 0x0000, 0x0000,
    0x0000, 0x0000, 0x0000, 0x0000, 0x0000, 0x0000, 0x0000, 0x9110, 0xF9BD, 0xC937, 0xEA3B, 0xFCBE,
    0xFEFF, 0xFE3F, 0xFE7F, 0xFE3E, 0xF49E, 0xF31E, 0xF39F, 0xFD1F, 0xF57E, 0x614C, 0x0000, 0x0000,
    0x0000, 0x0000, 0x616A, 0x4086, 0x0000, 0x800B, 0xFD1B, 0xEAF9, 0xF179, 0xF938, 0xF8F7, 0xF857,
    0xF857, 0xF857, 0xF897, 0xEA98, 0x6809, 0x0000, 0x0000, 0x0000, 0x0000, 0x0000, 0x0000, 0x0000,
    0x0000, 0x302A, 0x60AE, 0x81F1, 0x9AF2, 0x30A6, 0x0000, 0x0000, 0x0000, 0x0000, 0x0000, 0xD2B5,
    0xFB9B, 0xF015, 0xF857, 0xF837, 0xF036, 0xF016, 0xF917, 0xC9B4, 0x3004, 0x3805, 0xEC39, 0xF45B,
    0xF876, 0xF857, 0xF837, 0xF857, 0xF857, 0xF837, 0xF857, 0xF816, 0xF117, 0xE9F7, 0xE195, 0xD995,
    0xD154, 0xD296, 0xF279, 0xF1D8, 0xF1F8, 0xF1D7, 0xF1D7, 0xF1F8, 0xF9F8, 0xFBBC, 0xDAB6, 0x0000,
    0x0000, 0x7009, 0xFCBB, 0xFCBC, 0xF857, 0xF856, 0xF816, 0xF837, 0xF837, 0xF837, 0xF836, 0xF036,
    0xF036, 0xF016, 0xF2B9, 0xD295, 0xD9B5, 0xD9D5, 0xC9D4, 0xB9D3, 0xD215, 0xE216, 0xD1B5, 0xEA98,
    0xF9F9, 0xF015, 0xF016, 0xF036, 0xF016, 0xF036, 0xF036, 0xE815, 0xE035, 0xD814, 0xE0B5, 0xFCBC,
    0xF39A, 0x986E, 0x2025, 0x204B, 0xAC36, 0x0000, 0x0000, 0x69B0, 0xD29F, 0xB13F, 0xB9BD, 0xEB5E,
    0xFC3E, 0xF35E, 0xD9DF, 0xE27F, 0xDA58, 0xA010, 0xA071, 0xF8DA, 0x788C, 0x0000, 0x0000, 0x0000,
    0x0000, 0x0000, 0x0000, 0x0000, 0x0000, 0x0000, 0x0000, 0x0000, 0x0000, 0x0000, 0x0000, 0x4089,
    0xF11A, 0x9033, 0xB837, 0xE81B, 0xEC5C, 0xFDBF, 0xFCFF, 0xFD5F, 0xF51E, 0xEAFE, 0xF2FE, 0xDA7E,
    0xEA1F, 0xD238, 0x0000, 0x0000, 0x0000, 0x0000, 0x8A0E, 0x2824, 0x0000, 0xA8D0, 0xFD5C, 0xF157,
    0xF8F8, 0xF097, 0xF877, 0xF857, 0xF836, 0xF816, 0xF918, 0xD1D4, 0x2804, 0x0000, 0x0000, 0x0000,
    0x0000, 0x1807, 0x282B, 0x302C, 0x404E, 0x504C, 0x4089, 0x2065, 0x0000, 0x0000, 0x0000, 0x0000,
    0x0000, 0x0000, 0x5807, 0xFC1A, 0xF1F8, 0xF816, 0xF857, 0xF036, 0xF036, 0xF016, 0xF1B8, 0xB111,
    0x0000, 0x4827, 0xEAB7, 0xFD9C, 0xF0D7, 0xF816, 0xF836, 0xF837, 0xF837, 0xF836, 0xF836, 0xF056,
    0xF016, 0xF016, 0xF016, 0xE816, 0xF016, 0xD813, 0xD174, 0xF897, 0xF816, 0xF836, 0xF816, 0xF816,
    0xF816, 0xF816, 0xFC1B, 0xC233, 0x0000, 0x0000, 0x902D, 0xFD5D, 0xF218, 0xF816, 0xF036, 0xF036,
    0xF036, 0xF036, 0xF037, 0xF016, 0xF036, 0xF816, 0xE0B5, 0xD073, 0xE876, 0xE8B6, 0xE0D6, 0xE8D6,
    0xE0D6, 0xD895, 0xE035, 0xE815, 0xF016, 0xF036, 0xF016, 0xF016, 0xF016, 0xF036, 0xE835, 0xD815,
    0xE014, 0xE9B7, 0xFC1B, 0xE9B6, 0x6809, 0x0000, 0x0000, 0x5970, 0x9432, 0x0000, 0x0000, 0x304C,
    0x8197, 0xB19D, 0xB8DF, 0xE99F, 0xF23F, 0xD11F, 0xD9BF, 0xC276, 0x880F, 0x682E, 0xB832, 0xF898,
    0x2025, 0x0000, 0x0000, 0x0000, 0x0000, 0x0000, 0x0000, 0x0000, 0x0000, 0x0000, 0x0000, 0x0000,
    0x0000, 0x0000, 0x0000, 0x0000, 0xB874, 0x9036, 0x7053, 0xC038, 0xA016, 0xEB7C, 0xFCBF, 0xFCFF,
    0xFDFF, 0xFFBF, 0xEC9E, 0xD8FF, 0xD19E, 0xF99D, 0x68CC, 0x0000, 0x0000, 0x28A5, 0xA26F, 0x0000,
    0x3004, 0xD255, 0xF45A, 0xF056, 0xF8B7, 0xF856, 0xF056, 0xF856, 0xF036, 0xF016, 0xF9D8, 0xB131,
    0x0000, 0x0000, 0x1827, 0x2029, 0x2028, 0x1807, 0x0000, 0x0000, 0x0000, 0x0000, 0x0000, 0x0000,
    0x0000, 0x0000, 0x0000, 0x0000, 0x0000, 0x0000, 0x886C, 0xFCDC, 0xF096, 0xF816, 0xF036, 0xF036,
    0xF036, 0xF016, 0xF218, 0x806C, 0x0000, 0x0000, 0x4807, 0xCA54, 0xFCBC, 0xF036, 0xF836, 0xF036,
    0xF036, 0xF036, 0xF036, 0xF036, 0xF036, 0xF036, 0xF036, 0xF036, 0xF036, 0xF037, 0xC832, 0xD1D4,
    0xF918, 0xF836, 0xF877, 0xF857, 0xF877, 0xF857, 0xF056, 0xFCBD, 0xB191, 0x0000, 0x0000, 0xC112,
    0xFCFD, 0xF178, 0xF836, 0xF036, 0xF016, 0xF016, 0xF016, 0xF016, 0xF016, 0xF036, 0xE836, 0xF016,
    0xF016, 0xE816, 0xE815, 0xE815, 0xE815, 0xE816, 0xF016, 0xF036, 0xF036, 0xF016, 0xF056, 0xF056,
    0xE836, 0xE035, 0xD814, 0xE015, 0xF2B9, 0xFB3A, 0xC071, 0x3804, 0x0000, 0x0000, 0x28EA, 0xCD9A,
    0x4A49, 0x0000, 0x0000, 0x380D, 0x4814, 0x7115, 0xF35E, 0xF25F, 0xD9FF, 0xD9FF, 0xBA77, 0x700C,
    0x780E, 0x682D, 0xF837, 0xB892, 0x0000, 0x0000, 0x0000, 0x0000, 0x0000, 0x0000, 0x0000, 0x0000,
    0x0000, 0x0000, 0x0000, 0x0000, 0x0000, 0x0000, 0x0000, 0x0000, 0x706D, 0x8837, 0x5832, 0x8854,
    0x9036, 0x7854, 0xDBFC, 0xEC5F, 0xEC5E, 0xFE1F, 0xE43E, 0xC09E, 0xB0DD, 0xF0DC, 0xE0F7, 0x0000,
    0x0000, 0x5969, 0xA9F0, 0x0000, 0x6008, 0xEBF9, 0xF2F9, 0xF816, 0xF857, 0xF836, 0xF036, 0xF036,
    0xF036, 0xF817, 0xF237, 0x804C, 0x0000, 0x0000, 0x0000, 0x0000, 0x0000, 0x0000, 0x0000, 0x0000,
    0x0000, 0x0000, 0x0000, 0x0000, 0x0000, 0x0000, 0x0000, 0x0000, 0x0000, 0x0000, 0xB9D2, 0xFC5C,
    0xF015, 0xF036, 0xF036, 0xF036, 0xF016, 0xF077, 0xE1F6, 0x4806, 0x0000, 0x0000, 0x0000, 0x3004,
    0xDB16, 0xFC7C, 0xF016, 0xF836, 0xF036, 0xF036, 0xF036, 0xF036, 0xF036, 0xF036, 0xF036, 0xF016,
    0xE836, 0xE836, 0xF016, 0xC031, 0xDA56, 0xF978, 0xF816, 0xF857, 0xF857, 0xF857, 0xF816, 0xF0F7,
    0xFC9C, 0x88CD, 0x0000, 0x3005, 0xD9B5, 0xFD5D, 0xF036, 0xF016, 0xF016, 0xF016, 0xF016, 0xF016,
    0xF016, 0xF036, 0xE816, 0xE836, 0xE816, 0xE815, 0xE815, 0xE835, 0xE835, 0xE815, 0xE815, 0xE836,
    0xE815, 0xF0B7, 0xF1B8, 0xF036, 0xE035, 0xE014, 0xE8D6, 0xFB7A, 0xEA37, 0x800A, 0x0000, 0x0000,
    0x0000, 0x484E, 0xB258, 0x522A, 0x0000, 0x0000, 0x0000, 0x402E, 0x4813, 0x8157, 0xD3BC, 0xB159,
    0xA9F9, 0xBA98, 0x684D, 0x600D, 0x502B, 0x902F, 0xF838, 0x604A, 0x0000, 0x0000, 0x0000, 0x0000,
    0x0000, 0x0000, 0x0000, 0x0000, 0x0000, 0x0000, 0x0000, 0x0000, 0x0000, 0x0000, 0x0000, 0x0000,
    0x2826, 0x7036, 0x7036, 0x502F, 0x9055, 0x6013, 0x7895, 0xA95A, 0xC01E, 0xC85E, 0xD23E, 0x989D,
    0x883C, 0xD09B, 0xF89B, 0x688C, 0x0000, 0x928F, 0x994D, 0x0000, 0x902D, 0xFD1B, 0xE937, 0xF816,
    0xF036, 0xF036, 0xF036, 0xF036, 0xF016, 0xF097, 0xE216, 0x4807, 0x0000, 0x1006, 0x0000, 0x0000,
    0x0000, 0x0000, 0x0000, 0x0000, 0x0000, 0x0000, 0x0000, 0x0000, 0x0000, 0x0000, 0x0000, 0x0000,
    0x0000, 0x2803, 0xDB17, 0xFB3A, 0xF815, 0xF056, 0xF036, 0xF036, 0xF016, 0xF117, 0xC193, 0x0000,
    0x0000, 0x1827, 0x0000, 0x0000, 0x4806, 0xEBD9, 0xFBDB, 0xF016, 0xF057, 0xF036, 0xF036, 0xF036,
    0xF036, 0xF036, 0xE836, 0xE836, 0xE836, 0xE836, 0xE836, 0xE836, 0xC832, 0xDAD6, 0xF9D9, 0xF816,
    0xF857, 0xF037, 0xF856, 0xF816, 0xF137, 0xFC9B, 0x6069, 0x0000, 0x4806, 0xEA97, 0xFC5B, 0xF016,
    0xF036, 0xF016, 0xF036, 0xF036, 0xE836, 0xE836, 0xE816, 0xE816, 0xE815, 0xE015, 0xE015, 0xE035,
    0xE035, 0xE015, 0xE035, 0xE815, 0xE8B6, 0xFE1D, 0xEA39, 0xE815, 0xE015, 0xE9D7, 0xFB5A, 0xC112,
    0x3805, 0x0000, 0x0000, 0x1006, 0x284B, 0x486D, 0x0000, 0x0000, 0x0000, 0x0000, 0x2007, 0x400E,
    0x400F, 0x6035, 0x5814, 0x4812, 0x68B4, 0x7050, 0x500C, 0x582C, 0x3809, 0xD034, 0xF056, 0x0000,
    0x0000, 0x0000, 0x0000, 0x0000, 0x0000, 0x0000, 0x0000, 0x0000, 0x0000, 0x0000, 0x0000, 0x0000,
    0x0000, 0x0000, 0x0000, 0x0000, 0x0000, 0x6032, 0x6837, 0x502F, 0x5830, 0x9056, 0x6813, 0x5891,
    0xA1BB, 0xA87F, 0xB0DE, 0xA95E, 0x90DC, 0xB07B, 0xF8BB, 0x604B, 0x0000, 0xC3B4, 0x60A9, 0x0000,
    0xB931, 0xFD3C, 0xF016, 0xF016, 0xF036, 0xF036, 0xF036, 0xF036, 0xF016, 0xF158, 0xC153, 0x2805,
    0x1829, 0x1826, 0x0000, 0x0000, 0x0000, 0x0000, 0x0000, 0x0000, 0x0000, 0x0000, 0x0000, 0x0000,
    0x0000, 0x0000, 0x0000, 0x0000, 0x0000, 0x5007, 0xF43A, 0xF997, 0xF816, 0xF036, 0xF036, 0xF036,
    0xF015, 0xF9D8, 0x98EE, 0x0000, 0x0000, 0x0000, 0x2028, 0x0000, 0x0000, 0x6009, 0xF43A, 0xF2DA,
    0xF017, 0xF877, 0xF837, 0xF016, 0xF016, 0xE836, 0xE836, 0xE836, 0xE835, 0xE036, 0xE835, 0xE835,
    0xE035, 0xA82F, 0xDB77, 0xFA9A, 0xF016, 0xF836, 0xF836, 0xF056, 0xF016, 0xFA39, 0xEC19, 0x4005,
    0x0000, 0x680A, 0xF379, 0xF3BB, 0xF016, 0xF036, 0xE815, 0xE836, 0xE836, 0xE836, 0xE836, 0xE015,
    0xE035, 0xE015, 0xE015, 0xE015, 0xE035, 0xE035, 0xE035, 0xD014, 0xD875, 0xF33A, 0xE816, 0xE055,
    0xF2B9, 0xF299, 0x902D, 0x0000, 0x0000, 0x0000, 0x1026, 0x1828, 0x0000, 0x0000, 0x0000, 0x0000,
    0x0000, 0x1806, 0x300A, 0x4830, 0x4811, 0x5814, 0x6034, 0x78D6, 0x6855, 0x502D, 0x502C, 0x400B,
    0x602C, 0xF838, 0xA850, 0x0000, 0x0000, 0x0000, 0x0000, 0x0000, 0x0000, 0x0000, 0x0000, 0x0000,
    0x0000, 0x0000, 0x0000, 0x0000, 0x0000, 0x0000, 0x0000, 0x0000, 0x0000, 0x402B, 0x6818, 0x5831,
    0x400E, 0x8855, 0x7073, 0x5011, 0x60B2, 0x997A, 0xA03F, 0xB19E, 0x993B, 0x983B, 0xF0DA, 0x2805,
    0x3885, 0xDC36, 0x3804, 0x3004, 0xDA95, 0xF41A, 0xF015, 0xF036, 0xF036, 0xF036, 0xF036, 0xF036,
    0xF016, 0xF1F8, 0x98AE, 0x0000, 0x282A, 0x0000, 0x0000, 0x0000, 0x0000, 0x0000, 0x0000, 0x0000,
    0x0000, 0x0000, 0x0000, 0x0000, 0x0000, 0x0000, 0x0000, 0x0000, 0x0000, 0x786B, 0xFCDC, 0xF096,
    0xF815, 0xF016, 0xF015, 0xE815, 0xF077, 0xEAD8, 0x5829, 0x0000, 0x0000, 0x0000, 0x2026, 0x302B,
    0x0000, 0x0000, 0x702A, 0xF4BB, 0xF43B, 0xF179, 0xF817, 0xF016, 0xE815, 0xE815, 0xE815, 0xE015,
    0xE015, 0xE014, 0xE014, 0xE014, 0xD814, 0xD013, 0x980E, 0xDC58, 0xFB7B, 0xF036, 0xF016, 0xF015,
    0xF036, 0xF015, 0xF259, 0xE398, 0x3004, 0x0000, 0x780A, 0xFC7B, 0xF39B, 0xF015, 0xF015, 0xF015,
    0xE815, 0xE815, 0xE015, 0xE015, 0xE015, 0xE014, 0xE014, 0xD814, 0xD814, 0xD814, 0xD013, 0xD014,
    0xD814, 0xE034, 0xE936, 0xFABA, 0xD934, 0x5007, 0x0000, 0x0000, 0x0000, 0x406E, 0x2028, 0x0000,
    0x0000, 0x0000, 0x0000, 0x0000, 0x0000, 0x2809, 0x400E, 0x5832, 0x5033, 0x5814, 0x70F4, 0x6055,
    0x6014, 0x482C, 0x480C, 0x380A, 0xA831, 0xF838, 0x5029, 0x0000, 0x0000, 0x0000, 0x0000, 0x0000,
    0x0000, 0x0000, 0x0000, 0x0000, 0x0000, 0x0000, 0x0000, 0x0000, 0x0000, 0x0000, 0x0000, 0x0000,
    0x0000, 0x0000, 0x6035, 0x6015, 0x400F, 0x5831, 0x8894, 0x6053, 0x380E, 0x38AB, 0xA15B, 0xB0FF,
    0xA9BC, 0x781A, 0xA875, 0x0000, 0x69AB, 0xC394, 0x0000, 0x6008, 0xEC19, 0xF299, 0xF016, 0xF036,
    0xF036, 0xF036, 0xE836, 0xE836, 0xF056, 0xE217, 0x6029, 0x0000, 0x384C, 0x0000, 0x0000, 0x0000,
    0x0000, 0x0000, 0x0000, 0x0000, 0x0000, 0x0000, 0x0000, 0x0000, 0x0000, 0x0000, 0x0000, 0x0000,
    0x2004, 0xC192, 0xFD3D, 0xFA99, 0xF1F7, 0xF1B7, 0xF157, 0xF998, 0xFB7B, 0xE2B7, 0x3805, 0x0000,
    0x0000, 0x0000, 0x0000, 0x384A, 0x302C, 0x0000, 0x2805, 0xD0B4, 0xFF1F, 0xFCDE, 0xFADB, 0xFABA,
    0xFA79, 0xFA39, 0xF218, 0xF1F8, 0xF1B8, 0xF197, 0xF157, 0xF137, 0xE977, 0xF197, 0xE1B6, 0x904D,
    0xE4FA, 0xFC3C, 0xFAB9, 0xFADA, 0xFB1A, 0xFB1A, 0xFADA, 0xFDFF, 0xE357, 0x0000, 0x0000, 0x782B,
    0xF4DB, 0xFBDB, 0xFAB9, 0xF299, 0xF278, 0xF258, 0xF238, 0xF238, 0xF218, 0xE9F8, 0xE9D7, 0xE9D7,
    0xE9D7, 0xE9B7, 0xF1D8, 0xF998, 0xF958, 0xF177, 0xFA39, 0xC872, 0x2804, 0x0000, 0x0000, 0x388A,
    0x80F5, 0x3049, 0x0000, 0x0000, 0x0000, 0x0000, 0x0000, 0x0000, 0x2007, 0x300C, 0x6833, 0x7076,
    0x5835, 0x7134, 0x5892, 0x4812, 0x7055, 0x7070, 0x480C, 0x482B, 0xF056, 0xE855, 0x0000, 0x0000,
    0x0000, 0x0000, 0x0000, 0x0000, 0x0000, 0x0000, 0x0000, 0x0000, 0x0000, 0x0000, 0x0000, 0x0000,
    0x0000, 0x0000, 0x0000, 0x0000, 0x0000, 0x0000, 0x5851, 0x6838, 0x5032, 0x380E, 0x9136, 0x70D2,
    0x280A, 0x2009, 0x6151, 0xB1BE, 0xA11B, 0x6016, 0x484F, 0x0000, 0x92CF, 0xA24F, 0x0000, 0x884C,
    0xFD1C, 0xF0F7, 0xF016, 0xF036, 0xE836, 0xE836, 0xF016, 0xF015, 0xF0F7, 0xC9D4, 0x4006, 0x1027,
    0x404B, 0x0000, 0x0000, 0x0000, 0x0000, 0x0000, 0x0000, 0x0000, 0x0000, 0x0000, 0x0000, 0x0000,
    0x0000, 0x0000, 0x0000, 0x0000, 0x2826, 0xA0F0, 0x904C, 0x786B, 0x704B, 0x704A, 0x702B, 0x806D,
    0x888C, 0x888E, 0x2025, 0x0000, 0x0000, 0x0000, 0x0000, 0x0000, 0x384B, 0x282A, 0x2005, 0x680C,
    0xB995, 0xB133, 0xA090, 0x988F, 0x908D, 0x786B, 0x706A, 0x706B, 0x706B, 0x706B, 0x704B, 0x784B,
    0x806C, 0x806C, 0x886D, 0x682A, 0x6029, 0xA0CE, 0x888C, 0x908D, 0x908D, 0x908E, 0xA8D0, 0xA890,
    0xB151, 0x70CB, 0x0000, 0x0000, 0x802C, 0x888D, 0x788B, 0x788B, 0x706A, 0x706B, 0x706B, 0x706A,
    0x686A, 0x686A, 0x684A, 0x684A, 0x784B, 0x804C, 0x986E, 0xA871, 0xC053, 0xD898, 0xB034, 0x0000,
    0x0000, 0x0000, 0x610F, 0x89D3, 0x2064, 0x0000, 0x0000, 0x0000, 0x0000, 0x0000, 0x0000, 0x0000,
    0x2027, 0x402E, 0x504F, 0x5852, 0x60D2, 0x388B, 0x2009, 0x2009, 0x504E, 0x90D3, 0x380B, 0x882F,
    0xF839, 0x982F, 0x0000, 0x0000, 0x0000, 0x0000, 0x0000, 0x0000, 0x0000, 0x0000, 0x0000, 0x0000,
    0x0000, 0x0000, 0x0000, 0x0000, 0x0000, 0x0000, 0x0000, 0x0000, 0x0000, 0x0000, 0x404B, 0x7859,
    0x5031, 0x5012, 0xE23D, 0x9AF3, 0x0000, 0x282A, 0x380E, 0x6952, 0x8959, 0x5815, 0x282A, 0x0000,
    0xB393, 0x68E9, 0x0000, 0xA930, 0xFCFC, 0xF016, 0xF016, 0xE836, 0xE836, 0xE836, 0xE876, 0xE815,
    0xF9F9, 0x90CE, 0x0000, 0x2028, 0x2046, 0x0000, 0x0000, 0x0000, 0x0000, 0x0000, 0x0000, 0x0000,
    0x0000, 0x0000, 0x0000, 0x0000, 0x0000, 0x0000, 0x0000, 0x0000, 0x0000, 0x0000, 0x0000, 0x0000,
    0x0000, 0x0000, 0x0000, 0x0000, 0x0000, 0x1007, 0x1007, 0x0000, 0x0000, 0x0000, 0x0000, 0x0000,
    0x0000, 0x404D, 0x282C, 0x0000, 0x0000, 0x0000, 0x0000, 0x0000, 0x0000, 0x0000, 0x0000, 0x0000,
    0x0000, 0x0000, 0x0000, 0x0000, 0x0000, 0x0000, 0x0000, 0x0000, 0x0000, 0x0000, 0x0000, 0x0000,
    0x0000, 0x0000, 0x0000, 0x0000, 0x0000, 0x0000, 0x0000, 0x0000, 0x0000, 0x0000, 0x0000, 0x0000,
    0x0000, 0x0000, 0x0000, 0x0000, 0x0000, 0x0000, 0x0000, 0x0000, 0x0000, 0x0000, 0x0000, 0x0000,
    0x0000, 0x0000, 0x0000, 0x0000, 0x0000, 0x1006, 0x1825, 0x0000, 0x0000, 0x0000, 0x0000, 0x0000,
    0x0000, 0x0000, 0x0000, 0x0000, 0x0000, 0x0000, 0x3004, 0x6087, 0x3805, 0x0000, 0x0000, 0x0000,
    0x694C, 0xEA3B, 0x90D3, 0xC015, 0xF858, 0x4828, 0x0000, 0x0000, 0x0000, 0x0000, 0x0000, 0x0000,
    0x0000, 0x0000, 0x0000, 0x0000, 0x0000, 0x0000, 0x0000, 0x0000, 0x0000, 0x0000, 0x0000, 0x0000,
    0x0000, 0x0000, 0x1825, 0x7057, 0x5034, 0xA03C, 0xF93C, 0xFBFC, 0x50AD, 0x2008, 0x2829, 0x1808,
    0x40AC, 0x7095, 0x1006, 0x0000, 0xC393, 0x3004, 0x3004, 0xDA96, 0xFBBA, 0xF015, 0xF036, 0xE836,
    0xE836, 0xE836, 0xE197, 0xA8D1, 0x9953, 0x89B2, 0x40CC, 0x480F, 0x400E, 0x400C, 0x502E, 0x504E,
    0x504E, 0x504E, 0x482E, 0x484D, 0x504E, 0x504E, 0x504E, 0x506E, 0x506E, 0x506E, 0x506E, 0x506E,
    0x384C, 0x284A, 0x2829, 0x2029, 0x202A, 0x302C, 0x404E, 0x5090, 0x8AB6, 0x410E, 0x1006, 0x0000,
    0x0000, 0x0000, 0x0000, 0x0000, 0x0000, 0x0000, 0x404F, 0x1809, 0x0000, 0x0000, 0x1808, 0x1006,
    0x0000, 0x1006, 0x1006, 0x0000, 0x0000, 0x0000, 0x0000, 0x0000, 0x0000, 0x0000, 0x0000, 0x1006,
    0x1006, 0x0000, 0x0000, 0x202A, 0x1006, 0x1007, 0x1007, 0x1006, 0x1807, 0x1808, 0x1828, 0x202A,
    0x282B, 0x380C, 0x60CF, 0x59CD, 0x0000, 0x0000, 0x0000, 0x0000, 0x0000, 0x0000, 0x0000, 0x0000,
    0x0000, 0x0000, 0x20A5, 0x514D, 0x408D, 0x384C, 0x304C, 0x388E, 0x40AF, 0x48F0, 0x492E, 0x51AF,
    0x59D0, 0x6230, 0x6A91, 0x72F1, 0x7B31, 0x7B31, 0x8BF2, 0x9C74, 0x9453, 0xA4B5, 0xD538, 0xF61A,
    0xE61A, 0x626C, 0x0000, 0x3009, 0xEA3A, 0xF9FB, 0xFA5B, 0xD8D8, 0xD034, 0x0000, 0x0000, 0x0000,
    0x0000, 0x0000, 0x0000, 0x0000, 0x0000, 0x0000, 0x0000, 0x0000, 0x0000, 0x0000, 0x0000, 0x0000,
    0x0000, 0x0000, 0x0000, 0x0000, 0x0000, 0x0000, 0x0000, 0x6851, 0xB8BD, 0xB89B, 0xE0BA, 0xFBDD,
    0xBAB6, 0x1007, 0x1806, 0x1807, 0x1007, 0x3049, 0x0000, 0x4127, 0xAA90, 0x0000, 0x5807, 0xF41A,
    0xFA39, 0xF015, 0xE836, 0xE836, 0xE836, 0xE816, 0xE836, 0xFA19, 0xBA14, 0x7114, 0xEA5F, 0xF4BF,
    0xEDDF, 0xE4BF, 0xE49F, 0xE45F, 0xDC5F, 0xDC3F, 0xDC3F, 0xD3FF, 0xD3FF, 0xD3DF, 0xCB9E, 0xCB5E,
    0xC33E, 0xC31E, 0xC2FE, 0xC2DE, 0xB2BD, 0xAABC, 0xAABC, 0xAABC, 0xB2DD, 0xCBBE, 0xDC5F, 0xF59F,
    0xFFFF, 0x9B36, 0x0000, 0x0000, 0x0000, 0x0000, 0x0000, 0x0000, 0x0000, 0x0000, 0x0000, 0x1026,
    0x1007, 0x280C, 0x68F6, 0x8197, 0x79B6, 0x7997, 0x7977, 0x7957, 0x7136, 0x7116, 0x70F6, 0x70D7,
    0x68B7, 0x68B7, 0x68B7, 0x68B7, 0x5895, 0x1008, 0x0000, 0x380E, 0x6096, 0x7919, 0x7098, 0x8139,
    0x89B9, 0x9A5A, 0xAB1B, 0xB33C, 0xC3DE, 0xE49F, 0xFE7F, 0xE4DE, 0x1006, 0x1847, 0x6090, 0x6891,
    0x6871, 0x5850, 0x404E, 0x304B, 0x2049, 0x0000, 0x7951, 0xFD9F, 0xFF1F, 0xED9F, 0xE53F, 0xDD3F,
    0xD4BF, 0xD4DF, 0xDD1F, 0xDD3F, 0xDD5F, 0xE5DF, 0xEE3F, 0xF6BF, 0xFEFF, 0xFFBF, 0xD59E, 0xDCDC,
    0xFDFE, 0xFD9D, 0xFDBC, 0xFFBF, 0xA535, 0x0000, 0x0000, 0x9052, 0xFA3C, 0xF27A, 0xD9B9, 0xE9FB,
    0x788E, 0x0000, 0x0000, 0x0000, 0x0000, 0x0000, 0x0000, 0x0000, 0x0000, 0x0000, 0x0000, 0x0000,
    0x0000, 0x0000, 0x0000, 0x0000, 0x0000, 0x0000, 0x0000, 0x0000, 0x0000, 0x0000, 0x0000, 0x0000,
    0xA873, 0xC079, 0x6035, 0x90F7, 0xFBBB, 0x6950, 0x1807, 0x0000, 0x1806, 0x0000, 0x0000, 0x61CA,
    0x818B, 0x0000, 0x904D, 0xFCFC, 0xF0B7, 0xF016, 0xE836, 0xE836, 0xE816, 0xE836, 0xE815, 0xF0F7,
    0xEA98, 0x800F, 0x6813, 0xB17B, 0xEEBE, 0xFFDF, 0xF71E, 0xF67E, 0xEE3E, 0xED5E, 0xE4DE, 0xE47E,
    0xDC3E, 0xDC1E, 0xDBFE, 0xDBDE, 0xDBDE, 0xDBDE, 0xDBBE, 0xDBBE, 0xDB9E, 0xDB9F, 0xDB9F, 0xDB7F,
    0xE39F, 0xE3DE, 0xE41E, 0xECDE, 0xFE9E, 0xDC5F, 0x6915, 0x20A7, 0x0000, 0x0000, 0x0000, 0x0000,
    0x0000, 0x2008, 0x38EB, 0x79B3, 0x89B8, 0xBB9C, 0xCADD, 0xE37F, 0xE29F, 0xDA7F, 0xDA9F, 0xDA7F,
    0xDA7F, 0xDA5F, 0xDA5F, 0xDA5F, 0xDA5F, 0xDA5F, 0xDA5F, 0xDA5F, 0xD25F, 0x89D8, 0x1006, 0x0000,
    0x4031, 0xA31B, 0xE49F, 0xDBBE, 0xE41F, 0xDBDF, 0xDBBF, 0xE3DF, 0xE3DF, 0xEC9E, 0xF5BE, 0xDC9F,
    0x4830, 0x0000, 0x0000, 0x0000, 0x0000, 0x0000, 0x0000, 0x0000, 0x0000, 0x0000, 0xA9F8, 0xA97B,
    0xDD3E, 0xFFFF, 0xFF7E, 0xF67E, 0xEDDE, 0xE59E, 0xE57E, 0xE59E, 0xEDDE, 0xEE1E, 0xEE5E, 0xEE7E,
    0xFFDF, 0xC51B, 0x7875, 0xE258, 0xFB39, 0xF399, 0xFE5E, 0x9472, 0x0000, 0x0000, 0x0000, 0xC874,
    0xC056, 0x7093, 0x6033, 0x504E, 0x0000, 0x0000, 0x0000, 0x0000, 0x0000, 0x0000, 0x0000, 0x0000,
    0x0000, 0x0000, 0x0000, 0x0000, 0x0000, 0x0000, 0x0000, 0x0000, 0x0000, 0x0000, 0x0000, 0x0000,
    0x0000, 0x0000, 0x0000, 0x0000, 0x0000, 0x502C, 0x7035, 0x5814, 0xC158, 0xCA98, 0x300B, 0x2829,
    0x0000, 0x0000, 0x0000, 0x7A0C, 0x50A7, 0x0000, 0xC172, 0xFCBC, 0xF015, 0xF036, 0xE836, 0xE836,
    0xE836, 0xE816, 0xE836, 0xE815, 0xF1D8, 0xF2B8, 0x682C, 0x300C, 0x68B4, 0xEEBE, 0xFFFF, 0xF71F,
    0xF67F, 0xF5BF, 0xED1F, 0xECDF, 0xEC9F, 0xEC7F, 0xEC5F, 0xEC5F, 0xE45F, 0xEC3F, 0xE43F, 0xE43F,
    0xEC3F, 0xEC1F, 0xEC1F, 0xEC1F, 0xE3FF, 0xE3FF, 0xEBFF, 0xEC1F, 0xEBFF, 0xF5FE, 0xC33F, 0x9A79,
    0x2088, 0x0000, 0x0000, 0x0000, 0x2008, 0x8B15, 0xEDFE, 0xFD5F, 0xFEBF, 0xF53E, 0xF41E, 0xEADF,
    0xE29F, 0xE27F, 0xE27F, 0xE27F, 0xE27F, 0xE27F, 0xE27F, 0xE27F, 0xE27F, 0xE29F, 0xE29F, 0xE29F,
    0xE25F, 0xF47F, 0xAB39, 0x1806, 0x0000, 0x4052, 0xCCFC, 0xFD5F, 0xE45F, 0xEC7F, 0xEC5F, 0xEC3F,
    0xEC3F, 0xEBFF, 0xEB9F, 0xED7F, 0x91BA, 0x1807, 0x0000, 0x0000, 0x0000, 0x0000, 0x0000, 0x0000,
    0x0000, 0x2926, 0x91B8, 0x380F, 0x5895, 0xEF1F, 0xFF9F, 0xEDDE, 0xEDDF, 0xEDBF, 0xEDDF, 0xEE1F,
    0xF63F, 0xF69F, 0xEE9F, 0xFF5F, 0xC57C, 0x7054, 0xE978, 0xFA19, 0xF218, 0xFE1E, 0x8C72, 0x0000,
    0x0000, 0x0000, 0x684D, 0xA835, 0x5810, 0x6012, 0x3829, 0x0000, 0x0000, 0x0000, 0x0000, 0x0000,
    0x0000, 0x0000, 0x0000, 0x0000, 0x0000, 0x0000, 0x0000, 0x0000, 0x0000, 0x0000, 0x0000, 0x0000,
    0x0000, 0x0000, 0x0000, 0x0000, 0x0000, 0x4208, 0x41E9, 0x0000, 0x0000, 0x0000, 0x3028, 0x6833,
    0x8016, 0xF119, 0x608E, 0x300A, 0x2007, 0x0000, 0x0000, 0x822D, 0x0000, 0x3004, 0xDAF6, 0xFB9A,
    0xF015, 0xE856, 0xE836, 0xE835, 0xE836, 0xE836, 0xE815, 0xF998, 0xD236, 0x686B, 0x0000, 0x2828,
    0x300B, 0x60D3, 0xE63D, 0xFEFF, 0xED7F, 0xED1F, 0xECBF, 0xEC7F, 0xE47F, 0xE45F, 0xE43F, 0xE43F,
    0xE41F, 0xE41F, 0xE43F, 0xE41F, 0xE41F, 0xE3FF, 0xE3FF, 0xE3FF, 0xE3FF, 0xE3DF, 0xEBDF, 0xE3FF,
    0xE3FF, 0xEC3F, 0xEDFE, 0xF5DF, 0x9B96, 0x0000, 0x0000, 0x0000, 0x8253, 0xFDFF, 0xFFFF, 0xFFFF,
    0xF59E, 0xF39E, 0xEABF, 0xE27F, 0xEA9F, 0xE27F, 0xE27F, 0xE27F, 0xE27F, 0xE27F, 0xE27F, 0xE27F,
    0xE27F, 0xE27F, 0xE27F, 0xE27F, 0xE29F, 0xE27E, 0xFCFF, 0xB2FB, 0x0000, 0x1006, 0x4072, 0xCCFC,
    0xF4FF, 0xE3FF, 0xEC1F, 0xEBFF, 0xE3BF, 0xE39F, 0xE35F, 0xEC1E, 0xDC5F, 0x6072, 0x0000, 0x0000,
    0x0000, 0x0000, 0x0000, 0x0000, 0x0000, 0x2967, 0x8AB6, 0x300D, 0x200D, 0x9AFA, 0xFF5F, 0xED7F,
    0xED9F, 0xED9F, 0xED9F, 0xEDDF, 0xEDFF, 0xEE1E, 0xFF1F, 0xCD7B, 0x5832, 0xD856, 0xF917, 0xF1B7,
    0xFC7C, 0x83D0, 0x0000, 0x0000, 0x0000, 0x2025, 0x7831, 0x5811, 0x6030, 0x2826, 0x0000, 0x0000,
    0x0000, 0x41E8, 0x39E6, 0x0000, 0x0000, 0x0000, 0x0000, 0x0000, 0x0000, 0x0000, 0x0000, 0x0000,
    0x0000, 0x0000, 0x0000, 0x0000, 0x0000, 0x0000, 0x0000, 0x0000, 0x0000, 0x0000, 0x7BCE, 0x738D,
    0x0000, 0x0000, 0x0000, 0x0000, 0x6051, 0xA015, 0xA873, 0x3029, 0x2808, 0x0000, 0x0000, 0x698A,
    0x0000, 0x5807, 0xF47A, 0xF1F8, 0xF015, 0xE836, 0xE835, 0xE836, 0xE835, 0xE815, 0xF1D9, 0xE237,
    0x6009, 0x0000, 0x1825, 0x6031, 0x302A, 0x1006, 0x408E, 0xCD3C, 0xF59F, 0xECDF, 0xECDF, 0xEC9F,
    0xEC7F, 0xE45F, 0xE43F, 0xE43F, 0xE43F, 0xE43F, 0xE43F, 0xE41F, 0xE41F, 0xE3FF, 0xE3FF, 0xEBFF,
    0xE3DF, 0xE3DF, 0xE3DF, 0xE3DF, 0xE3FF, 0xE3DF, 0xEC5F, 0xFF3F, 0xFF9F, 0x8B13, 0x0000, 0x79B2,
    0xE37F, 0xFEFF, 0xFFDF, 0xF59F, 0xF39F, 0xF2FF, 0xEABF, 0xEA9F, 0xE29F, 0xE29F, 0xE27F, 0xE27F,
    0xE29F, 0xE29F, 0xE29F, 0xE29F, 0xE29F, 0xE29F, 0xE29F, 0xE29F, 0xE2BF, 0xEABF, 0xE29E, 0xFDDF,
    0x9A98, 0x0000, 0x0000, 0x38AE, 0xCD5C, 0xF59F, 0xEC3F, 0xEB9F, 0xE37F, 0xE35F, 0xEB5F, 0xE2FF,
    0xECFF, 0xB23B, 0x2809, 0x0000, 0x0000, 0x0000, 0x0000, 0x0000, 0x0000, 0x0000, 0x3949, 0x406F,
    0x1007, 0x302D, 0xC4FA, 0xF69F, 0xED7F, 0xED9F, 0xEDBF, 0xEDBF, 0xEE1F, 0xFF7F, 0xD57C, 0x5072,
    0xB833, 0xF836, 0xF0B7, 0xFBFC, 0x7B4F, 0x0000, 0x0000, 0x0000, 0x0000, 0x482B, 0x6811, 0x582E,
    0x0000, 0x0000, 0x0000, 0x0000, 0x83ED, 0x6B4B, 0x0000, 0x0000, 0x0000, 0x0000, 0x0000, 0x0000,
    0x0000, 0x0000, 0x0000, 0x0000, 0x0000, 0x0000, 0x0000, 0x0000, 0x0000, 0x0000, 0x0000, 0x0000,
    0x0000, 0x0000, 0x0000, 0x5B09, 0x31C5, 0x0000, 0x0000, 0x0000, 0x0000, 0x402B, 0x8853, 0x504B,
    0x1807, 0x0000, 0x2885, 0x4086, 0x0000, 0x886C, 0xFCFB, 0xF076, 0xF016, 0xE836, 0xE836, 0xE815,
    0xE815, 0xFA79, 0xD9F5, 0x5807, 0x0000, 0x0000, 0x0000, 0x404B, 0x300A, 0x5029, 0xB296, 0xC3FB,
    0xDC1E, 0xECDF, 0xE49F, 0xEC9F, 0xE45F, 0xEC3F, 0xE41F, 0xE3FF, 0xE3FF, 0xE3FF, 0xE41F, 0xE3FF,
    0xE3DF, 0xE3DF, 0xE3BF, 0xE3BF, 0xE3BF, 0xE3DF, 0xE3DF, 0xE3DF, 0xEBDF, 0xE3FF, 0xE3DF, 0xF53F,
    0xDC3E, 0x91B8, 0x386C, 0xAA3B, 0xFF5F, 0xFFFF, 0xF53F, 0xF37F, 0xF33F, 0xEAFF, 0xEADF, 0xEABF,
    0xE29F, 0xE29F, 0xE29F, 0xE29F, 0xE29F, 0xE29F, 0xE2BF, 0xE2BF, 0xEA9F, 0xEA9F, 0xE2BF, 0xEABF,
    0xEABF, 0xEABF, 0xEA9F, 0xEB1E, 0xFE5F, 0x8216, 0x0000, 0x380E, 0xBC3B, 0xFE7F, 0xEC5E, 0xEB5F,
    0xE33F, 0xE33F, 0xE33F, 0xE31F, 0xEBDE, 0xE49F, 0x6894, 0x0000, 0x0000, 0x0000, 0x0000, 0x0000,
    0x0000, 0x0000, 0x0000, 0x7172, 0x58F1, 0xA2F9, 0xC3DB, 0xF5DF, 0xED7F, 0xED7F, 0xEDBF, 0xED7F,
    0xFE7F, 0xD57C, 0x5852, 0xA032, 0xF815, 0xF096, 0xFB9C, 0x7AAE, 0x0000, 0x0000, 0x0000, 0x0000,
    0x2026, 0x6831, 0x402A, 0x0000, 0x0000, 0x0000, 0x0000, 0x4A66, 0x6309, 0x0000, 0x0000, 0x0000,
    0x0000, 0x0000, 0x0000, 0x0000, 0x0000, 0x0000, 0x0000, 0x0000, 0x0000, 0x0000, 0x0000, 0x0000,
    0x0000, 0x0000, 0x0000, 0x0000, 0x0000, 0x0000, 0x0000, 0x0000, 0x2964, 0x0000, 0x2946, 0x0000,
    0x0000, 0x0000, 0x402B, 0x704F, 0x0000, 0x0000, 0x3045, 0x0000, 0x0000, 0xB9D2, 0xFCBB, 0xF015,
    0xF036, 0xF036, 0xF015, 0xE855, 0xFB1A, 0xC9B4, 0x4006, 0x0000, 0x0000, 0x0000, 0x0000, 0x0000,
    0x0000, 0xAA72, 0xFDDE, 0xE41E, 0xEC7F, 0xE45F, 0xE45F, 0xE45F, 0xE43F, 0xEC3F, 0xECDF, 0xF53F,
    0xF51F, 0xECFF, 0xECDF, 0xECDF, 0xECBF, 0xECBF, 0xF4BF, 0xF4BF, 0xEC5F, 0xEBDF, 0xE3DF, 0xE3DF,
    0xE3DF, 0xE3DF, 0xEBBF, 0xECDF, 0x8119, 0x0806, 0x2009, 0xA29A, 0xFF5F, 0xF57E, 0xF31F, 0xF31F,
    0xEAFF, 0xEAFF, 0xEADF, 0xEABF, 0xEABF, 0xEABF, 0xE2BF, 0xE2BF, 0xE2BF, 0xE2BF, 0xE2BF, 0xE2BF,
    0xEABF, 0xEABF, 0xEABF, 0xEABF, 0xEABF, 0xEABF, 0xEADF, 0xEABF, 0xF3BE, 0xFEBF, 0x7231, 0x1808,
    0xA23D, 0xF63E, 0xEB5E, 0xE35F, 0xE31F, 0xEB1F, 0xEB3F, 0xEB5F, 0xE2FF, 0xED1E, 0xBA7C, 0x50AF,
    0x0000, 0x0000, 0x0000, 0x0000, 0x0000, 0x2106, 0xB397, 0xA9BC, 0xC3FD, 0xCB7D, 0xF59F, 0xED5F,
    0xED7F, 0xED9F, 0xED5F, 0xF5FF, 0xDD1D, 0x5871, 0x702D, 0xE834, 0xF056, 0xFB3B, 0x7AAE, 0x0000,
    0x0000, 0x0000, 0x0000, 0x0000, 0x582E, 0x3029, 0x0000, 0x0000, 0x0000, 0x2945, 0x0000, 0x39A5,
    0x0000, 0x0000, 0x0000, 0x0000, 0x0000, 0x0000, 0x0000, 0x0000, 0x0000, 0x0000, 0x0000, 0x0000,
    0x0000, 0x0000, 0x0000, 0x0000, 0x0000, 0x0000, 0x0000, 0x0000, 0x0000, 0x0000, 0x0000, 0x0000,
    0x0000, 0x0000, 0x3166, 0x8C8D, 0x2926, 0x0000, 0x0000, 0x2825, 0x0000, 0x0000, 0x3846, 0x0000,
    0x2803, 0xE357, 0xF379, 0xF015, 0xF056, 0xF015, 0xF0D6, 0xFBBA, 0xC172, 0x3004, 0x0000, 0x0000,
    0x0000, 0x0000, 0x0000, 0x0000, 0x3006, 0xDCF8, 0xF67E, 0xDBBE, 0xECBF, 0xEC7F, 0xEC7F, 0xEC7F,
    0xE41F, 0xD33E, 0xCBFD, 0x89D9, 0x69D4, 0x61B2, 0x5972, 0x6172, 0x6173, 0x6173, 0x69B4, 0x61B3,
    0xA2D9, 0xE37F, 0xE3DF, 0xE3DF, 0xE3DF, 0xE3DF, 0xEBFF, 0xD3FE, 0x4832, 0x0000, 0x2009, 0xC43B,
    0xECDE, 0xEAFF, 0xEB1F, 0xEAFF, 0xEAFF, 0xEAFF, 0xEAFF, 0xEAFF, 0xEAFF, 0xEADF, 0xEADF, 0xEADF,
    0xEADF, 0xEADF, 0xEADF, 0xEADF, 0xEADF, 0xEADF, 0xEADF, 0xEADF, 0xEADF, 0xEABF, 0xEABF, 0xEADF,
    0xEABE, 0xFD7F, 0x8A36, 0x0000, 0x5013, 0xDCFF, 0xEBBE, 0xE2FF, 0xE31F, 0xE31F, 0xEB1F, 0xE33F,
    0xE31F, 0xEBDE, 0xED7F, 0xC39B, 0x38CA, 0x0000, 0x0000, 0x0000, 0x3968, 0xD4FB, 0xDBBF, 0xC3DD,
    0xC2BC, 0xECBF, 0xED1F, 0xED1F, 0xED1F, 0xECDF, 0xED5F, 0xE53D, 0x6891, 0x580B, 0xC032, 0xE814,
    0xFABB, 0x7A8E, 0x0000, 0x0000, 0x0000, 0x0000, 0x0000, 0x3028, 0x2827, 0x0000, 0x0000, 0x31A7,
    0x94CE, 0x2926, 0x0000, 0x0000, 0x0000, 0x0000, 0x0000, 0x0000, 0x0000, 0x0000, 0x0000, 0x0000,
    0x0000, 0x0000, 0x0000, 0x0000, 0x0000, 0x0000, 0x0000, 0x0000, 0x0000, 0x0000, 0x0000, 0x0000,
    0x0000, 0x0000, 0x0000, 0x0000, 0x0000, 0x0000, 0x0000, 0x4A85, 0xC70F, 0x6B2B, 0x0000, 0x0000,
    0x0000, 0x0000, 0x3846, 0x0000, 0x5807, 0xF49A, 0xF1D8, 0xF816, 0xF015, 0xF157, 0xFBFB, 0xB110,
    0x0000, 0x0000, 0x0000, 0x0000, 0x0000, 0x0000, 0x0000, 0x0000, 0x584A, 0xF5DC, 0xEDBE, 0xEC7F,
    0xECBF, 0xE45F, 0xE3FF, 0xD2DE, 0xB13E, 0xBA3E, 0xBA5D, 0x1808, 0x0000, 0x0000, 0x0000, 0x0000,
    0x0000, 0x0000, 0x0000, 0x300C, 0xB29A, 0xE35F, 0xE3DF, 0xE3BF, 0xE3BF, 0xE39F, 0xF43F, 0xAAFB,
    0x200A, 0x0000, 0x604F, 0xDCFD, 0xDA9E, 0xE25F, 0xEADF, 0xF31F, 0xEAFF, 0xEAFF, 0xEADF, 0xEADF,
    0xEADF, 0xEADF, 0xEAFF, 0xEADF, 0xEADF, 0xEADF, 0xEADF, 0xEADF, 0xEADF, 0xEAFF, 0xEAFF, 0xEADF,
    0xEADF, 0xEADF, 0xEABF, 0xEABF, 0xF33F, 0xDC1F, 0x300E, 0x0000, 0x1006, 0x9A1D, 0xF61F, 0xE2FF,
    0xE31F, 0xE31F, 0xE31F, 0xE33F, 0xE35F, 0xEB7F, 0xFEDF, 0xFFFF, 0x9354, 0x0000, 0x0000, 0x4189,
    0xC39B, 0xD37E, 0xCC5C, 0xCABE, 0xEBBF, 0xE43E, 0xED3F, 0xEC7F, 0xEC5F, 0xE41E, 0xE4FD, 0x80D4,
    0x4009, 0x982E, 0xD013, 0xFA7B, 0x7A6E, 0x0000, 0x0000, 0x0000, 0x0000, 0x0000, 0x0000, 0x0000,
    0x0000, 0x0000, 0x742A, 0xD76F, 0x4226, 0x0000, 0x0000, 0x0000, 0x0000, 0x0000, 0x0000, 0x0000,
    0x0000, 0x0000, 0x0000, 0x0000, 0x0000, 0x0000, 0x0000, 0x0000, 0x0000, 0x0000, 0x0000, 0x0000,
    0x0000, 0x0000, 0x0000, 0x0000, 0x0000, 0x0000, 0x0000, 0x0000, 0x0000, 0x0000, 0x0000, 0x0000,
    0x6BA7, 0xE7EE, 0x9568, 0x2162, 0x0000, 0x0000, 0x3025, 0x0000, 0x806C, 0xFCFB, 0xF0B6, 0xF815,
    0xF238, 0xFBFA, 0x988D, 0x0000, 0x0000, 0x0000, 0x2024, 0x0000, 0x0000, 0x0000, 0x0000, 0x0000,
    0x898F, 0xFE5E, 0xDC5E, 0xBA3E, 0xB9FE, 0xB99E, 0xB11F, 0xA8FF, 0xA8DF, 0xC2DF, 0x7116, 0x0000,
    0x0000, 0x1807, 0x1808, 0x2029, 0x1827, 0x0000, 0x2007, 0xB2D9, 0xEC5F, 0xE37F, 0xE3BF, 0xE3BF,
    0xE3BF, 0xE37F, 0xF43F, 0x81D7, 0x0000, 0x0000, 0xB176, 0xE4FE, 0xD19E, 0xD1DF, 0xDA3F, 0xF2DF,
    0xF31F, 0xF2FF, 0xF37F, 0xF3DF, 0xF3FF, 0xFBBF, 0xF2FF, 0xEADF, 0xEADF, 0xF2FF, 0xFB7F, 0xF3BF,
    0xFB9F, 0xF31F, 0xF2DF, 0xF2FF, 0xF2FF, 0xEADF, 0xEADF, 0xEABF, 0xFB9F, 0xAABB, 0x1007, 0x0000,
    0x0000, 0x4812, 0xDD1F, 0xF45E, 0xE2DF, 0xE31F, 0xE31F, 0xE33F, 0xEB7F, 0xEBFF, 0xF63E, 0xFF7F,
    0xC3BB, 0x2066, 0x2906, 0xA1F9, 0xC2FE, 0xCC7D, 0xCA7D, 0xE3BF, 0xEC1F, 0xED1F, 0xF55F, 0xE3BF,
    0xD31E, 0xE4BE, 0x80F4, 0x2807, 0x680B, 0xB031, 0xF9BA, 0x81EF, 0x0000, 0x0000, 0x0000, 0x0000,
    0x0000, 0x0000, 0x0000, 0x0000, 0x31E3, 0x9E29, 0xD7EB, 0x5B45, 0x0000, 0x0000, 0x0000, 0x0000,
    0x0000, 0x0000, 0x0000, 0x0000, 0x0000, 0x0000, 0x0000, 0x0000, 0x0000, 0x0000, 0x0000, 0x0000,
    0x0000, 0x0000, 0x0000, 0x0000, 0x0000, 0x0000, 0x0000, 0x0000, 0x0000, 0x0000, 0x0000, 0x0000,
    0x0000, 0x0000, 0x0000, 0x0000, 0x2046, 0x8CE9, 0xDFE7, 0x9EA4, 0x0000, 0x0000, 0x2024, 0x0000,
    0xB9D2, 0xFCDC, 0xF015, 0xF31A, 0xFBFA, 0x902B, 0x0000, 0x0000, 0x0000, 0x4047, 0x2024, 0x0000,
    0x0000, 0x0000, 0x0000, 0x3005, 0xB213, 0xFE3E, 0xAA1D, 0xA05E, 0xB0FF, 0xB0FF, 0xB0FF, 0xA91F,
    0xB11F, 0xBADD, 0x404F, 0x0000, 0x1006, 0x404D, 0x50AF, 0x486D, 0x508E, 0x384B, 0x7031, 0xFD5F,
    0xE3BE, 0xEB7F, 0xEB9F, 0xEB9F, 0xEB9F, 0xEB7F, 0xE41E, 0x58D4, 0x0000, 0x2805, 0xDAF9, 0xD43E,
    0xC93F, 0xC9BF, 0xC99F, 0xD21E, 0xDA5E, 0xEBFE, 0xDB9D, 0xDA1C, 0x9977, 0x9258, 0xD3DD, 0xF2DF,
    0xF33F, 0xEC3F, 0x9276, 0x81B5, 0x9237, 0xD45C, 0xFBBF, 0xF2DF, 0xF2FF, 0xF2DF, 0xEAFF, 0xEABF,
    0xF3BF, 0x8178, 0x0000, 0x0000, 0x0000, 0x1007, 0x89DA, 0xF5FF, 0xE2DE, 0xE31F, 0xE31F, 0xEB9F,
    0xEBDF, 0xEBFF, 0xEBDF, 0xFE3F, 0xD37E, 0x38AB, 0x6073, 0xBAFD, 0xCC9C, 0xD2DE, 0xEBFF, 0xE3DF,
    0xE3DF, 0xE3DF, 0xC21E, 0xB99E, 0xDC7D, 0x8914, 0x2806, 0x4808, 0x802D, 0xE958, 0x816F, 0x0000,
    0x0000, 0x0000, 0x0000, 0x0000, 0x0000, 0x0000, 0x0000, 0x6443, 0xBF88, 0xC7E6, 0x6403, 0x0000,
    0x0000, 0x0000, 0x0000, 0x0000, 0x0000, 0x0000, 0x0000, 0x0000, 0x0000, 0x0000, 0x0000, 0x0000,
    0x0000, 0x0000, 0x0000, 0x0000, 0x0000, 0x0000, 0x0000, 0x0000, 0x0000, 0x0000, 0x0000, 0x0000,
    0x0000, 0x0000, 0x0000, 0x0000, 0x0000, 0x0000, 0x2845, 0x0000, 0x0000, 0x30C7, 0xBE6B, 0x9E64,
    0x0000, 0x0000, 0x0000, 0x0000, 0xDB16, 0xFE1D, 0xF45B, 0xF359, 0x7009, 0x0000, 0x0000, 0x4027,
    0x784B, 0x2823, 0x0000, 0x0000, 0x0000, 0x0000, 0x0000, 0x4028, 0xC915, 0xDD1C, 0x993D, 0xB11F,
    0xB11F, 0xB11F, 0xA91F, 0xA8DF, 0xB99F, 0x9A7A, 0x200A, 0x0000, 0x0000, 0x0000, 0x0000, 0x2906,
    0x8272, 0xAA1B, 0xCC7D, 0xD47D, 0xE35F, 0xEB9F, 0xEB7F, 0xEB7F, 0xE37F, 0xEB7F, 0xC39C, 0x380E,
    0x0000, 0x5009, 0xEC3C, 0xC2FE, 0xC93F, 0xC9BF, 0xC95F, 0xC9DF, 0xC23D, 0x7194, 0x400F, 0x0000,
    0x0000, 0x0000, 0x7196, 0xFC7F, 0xDBDD, 0x5111, 0x1007, 0x0000, 0x0000, 0x7937, 0xF53F, 0xF35F,
    0xF2DF, 0xF2FF, 0xEADF, 0xEA7F, 0xE39E, 0x58B4, 0x0000, 0x0000, 0x2029, 0x0000, 0x300E, 0xCCFE,
    0xF4BE, 0xDABE, 0xE3BF, 0xEBDF, 0xEBDF, 0xE3DF, 0xEC1F, 0xCB1E, 0x9A9B, 0x4010, 0xAB7B, 0xD4DD,
    0xDAFE, 0xEBBF, 0xDB3E, 0xE3BF, 0xC1FF, 0xB0BF, 0xC1BE, 0xECDE, 0xA155, 0x2006, 0x3006, 0x682C,
    0xE958, 0x810E, 0x0000, 0x0000, 0x0000, 0x29E1, 0x0000, 0x0000, 0x1806, 0x0000, 0x53E1, 0x85C3,
    0xAF84, 0x7542, 0x0000, 0x0000, 0x0000, 0x3046, 0x0000, 0x0000, 0x0000, 0x0000, 0x0000, 0x0000,
    0x0000, 0x0000, 0x0000, 0x0000, 0x0000, 0x0000, 0x0000, 0x0000, 0x0000, 0x0000, 0x0000, 0x0000,
    0x0000, 0x0000, 0x0000, 0x0000, 0x0000, 0x0000, 0x0000, 0x0000, 0x0000, 0x40A8, 0x816E, 0x0000,
    0x0000, 0x0000, 0x59EB, 0x8C0A, 0x0000, 0x0000, 0x0000, 0x4806, 0xF4DB, 0xFFBF, 0xFB19, 0x6008,
    0x0000, 0x0000, 0x704B, 0xA84F, 0x0000, 0x0000, 0x0000, 0x0000, 0x0000, 0x0000, 0x2025, 0x5009,
    0xDA58, 0xC4BC, 0x987E, 0xB11F, 0xA8FF, 0xA8FF, 0xA91F, 0xA8BF, 0xBA3E, 0x79B6, 0x1006, 0x0000,
    0x0000, 0x0000, 0x59ED, 0xE57D, 0xED7F, 0xDD3E, 0xD37D, 0xDABE, 0xEB7F, 0xE35F, 0xEB5F, 0xE33F,
    0xE2FF, 0xFC9F, 0xA2FA, 0x1809, 0x0000, 0x9070, 0xED1D, 0xB9BE, 0xC97F, 0xC97F, 0xC97F, 0xEADE,
    0xCADD, 0x280B, 0x1027, 0x1027, 0x0000, 0x0000, 0x300C, 0xCB5E, 0x40EC, 0x1007, 0x1828, 0x0000,
    0x0000, 0x300C, 0x8A77, 0xF3DE, 0xF2BF, 0xEADF, 0xE27F, 0xEA9F, 0xC35D, 0x380E, 0x0000, 0x0000,
    0x2029, 0x1027, 0x1006, 0x7157, 0xF69F, 0xE3BE, 0xE3BF, 0xEBFF, 0xEBFF, 0xF41F, 0xC2BE, 0x903E,
    0x995B, 0xBC7A, 0xDCBE, 0xDADE, 0xE35F, 0xD23F, 0xCA1F, 0xB99F, 0xB8DF, 0xC9FE, 0xF51E, 0xA957,
    0x2806, 0x0000, 0x682B, 0xE1D8, 0x714E, 0x0000, 0x0000, 0x0000, 0x4360, 0x6500, 0x21A1, 0x0000,
    0x1826, 0x28C6, 0x4BC0, 0x5C80, 0x7521, 0x18C3, 0x0000, 0x0000, 0x0000, 0x91D0, 0x3887, 0x0000,
    0x0000, 0x0000, 0x0000, 0x0000, 0x0000, 0x0000, 0x0000, 0x0000, 0x0000, 0x0000, 0x0000, 0x0000,
    0x0000, 0x0000, 0x0000, 0x0000, 0x0000, 0x0000, 0x0000, 0x0000, 0x0000, 0x0000, 0x0000, 0x0000,
    0x0000, 0xB131, 0xEBFA, 0x30A6, 0x0000, 0x0000, 0x0000, 0x3867, 0x0000, 0x2824, 0x0000, 0x806B,
    0xFE9F, 0xEA77, 0x5007, 0x0000, 0x0000, 0x908E, 0xA08F, 0x0000, 0x0000, 0x0000, 0x0000, 0x0000,
    0x0000, 0x0000, 0x2826, 0x580B, 0xE39A, 0xAB9C, 0xA05E, 0xA91F, 0xA8FF, 0xA8DF, 0xA8FE, 0xA0BF,
    0xBABE, 0x50D1, 0x0000, 0x0000, 0x0000, 0x69B1, 0xDBFE, 0xFE7F, 0xDCBD, 0xD2BD, 0xE2FF, 0xEB7F,
    0xEB9F, 0xEBBF, 0xE33F, 0xEB7F, 0xF4BF, 0xB3BB, 0x58B2, 0x0000, 0x0000, 0xC1B5, 0xD51D, 0xB0FE,
    0xC97F, 0xC97F, 0xD9DF, 0xF3BF, 0xD29C, 0x2007, 0x0000, 0x0000, 0x0000, 0x0000, 0x304D, 0x6132,
    0x2008, 0x2027, 0x0000, 0x1827, 0x282A, 0x0000, 0x5150, 0xF37F, 0xF2BF, 0xEABF, 0xEA5F, 0xF31F,
    0xA29A, 0x200A, 0x0000, 0x0000, 0x0000, 0x282B, 0x0000, 0x280D, 0xC49E, 0xF57F, 0xE35F, 0xE39F,
    0xDB1E, 0xBA1E, 0x905E, 0xA93F, 0xE63D, 0xF5BE, 0xE33E, 0xE35F, 0xC9BE, 0xD23F, 0xB95F, 0xB0BF,
    0xC1BE, 0xF53F, 0xA976, 0x2005, 0x0000, 0x5009, 0xE8F8, 0x70AC, 0x0000, 0x0000, 0x0000, 0x3AC1,
    0x7D45, 0x7DC1, 0x7DC1, 0x0000, 0x0000, 0x486D, 0x4244, 0x4BA0, 0x0000, 0x0000, 0x0000, 0x0000,
    0x40C7, 0xF53C, 0xA1F1, 0x0000, 0x0000, 0x0000, 0x0000, 0x0000, 0x0000, 0x0000, 0x0000, 0x0000,
    0x0000, 0x0000, 0x0000, 0x0000, 0x0000, 0x0000, 0x0000, 0x0000, 0x0000, 0x0000, 0x0000, 0x0000,
    0x0000, 0x0000, 0x0000, 0x590A, 0xC9F4, 0xFBDA, 0xFEDE, 0xF41A, 0x714C, 0x2024, 0x0000, 0x0000,
    0x0000, 0x3846, 0x0000, 0xCA74, 0xEAB8, 0x3804, 0x0000, 0x2805, 0xB1D2, 0x89AE, 0x0000, 0x0000,
    0x0000, 0x0000, 0x0000, 0x0000, 0x0000, 0x2826, 0x3026, 0x700E, 0xE4DC, 0x9A1C, 0xA89F, 0xA8FF,
    0xA8FF, 0xA8FF, 0xA0DF, 0xA8FF, 0xB2DD, 0x382D, 0x0000, 0x0000, 0x60B3, 0xCB9F, 0xE59E, 0xD2FD,
    0xE2BF, 0xEB9F, 0xE31F, 0xEB5F, 0xEBDF, 0xE2FF, 0xEBDF, 0xCC5C, 0x79D6, 0x280C, 0x0000, 0x0000,
    0x3006, 0xEAF9, 0xC43D, 0xB8BF, 0xC99F, 0xD1DF, 0xC95F, 0xF3BF, 0xD37B, 0x1806, 0x0000, 0x0000,
    0x0000, 0x0000, 0x6151, 0x69D1, 0x0000, 0x0000, 0x0000, 0x0000, 0x0000, 0x1008, 0x9AB9, 0xF31F,
    0xEA7F, 0xD9FE, 0xD9FF, 0xE33E, 0x7176, 0x1007, 0x0000, 0x0000, 0x0000, 0x2029, 0x1828, 0x1007,
    0x58F4, 0xF67F, 0xDB3E, 0xB19D, 0x98FE, 0x98BF, 0x987F, 0xDCFE, 0xFE3F, 0xE2FE, 0xCA3E, 0xC1BF,
    0xB93F, 0xB15F, 0xB0BF, 0xC1BE, 0xF51F, 0xA997, 0x2006, 0x0000, 0x3849, 0xDAF9, 0x68AB, 0x0000,
    0x0000, 0x0000, 0x2A41, 0x4BE0, 0xAE4D, 0xE7D7, 0xD7D0, 0x954D, 0x0000, 0x2046, 0x6910, 0x0000,
    0x0000, 0x0000, 0x2866, 0x818E, 0xF4DB, 0xFFBF, 0xFC7B, 0xC214, 0x50A8, 0x0000, 0x0000, 0x0000,
    0x0000, 0x0000, 0x0000, 0x0000, 0x0000, 0x0000, 0x0000, 0x0000, 0x0000, 0x0000, 0x0000, 0x0000,
    0x0000, 0x0000, 0x0000, 0x0000, 0x0000, 0x0000, 0x0000, 0x0000, 0x60EA, 0xEDFB, 0xFC9B, 0x914E,
    0x2844, 0x0000, 0x0000, 0x0000, 0x0000, 0x4828, 0x3065, 0xD2B5, 0x3805, 0x0000, 0x3826, 0xCB16,
    0x71AC, 0x0000, 0x0000, 0x0000, 0x0000, 0x0000, 0x0000, 0x0000, 0x0000, 0x3847, 0x3006, 0x88D1,
    0xD53C, 0x90FD, 0xA8DF, 0xA0DF, 0xA0DF, 0xA0DF, 0xA0BF, 0xB1BF, 0x9A7A, 0x1008, 0x0000, 0x6914,
    0xD4DE, 0xDD3E, 0xD2DE, 0xDA5F, 0xE2FF, 0xDADF, 0xE2FF, 0xF43F, 0xEBFF, 0xBA1C, 0x8236, 0x304C,
    0x0000, 0x0000, 0x0000, 0x0000, 0x580A, 0xF43B, 0xBADE, 0xC91F, 0xD21E, 0xC99F, 0xC95F, 0xEAFF,
    0xDD1C, 0x0000, 0x0000, 0x0000, 0x0000, 0x0000, 0x1884, 0x0000, 0x0000, 0x0000, 0x0000, 0x0000,
    0x2008, 0x7095, 0xDBFE, 0xE23E, 0xD1BE, 0xC99F, 0xD9FF, 0xCADE, 0x5893, 0x1007, 0x1828, 0x0000,
    0x0000, 0x0000, 0x202A, 0x0000, 0x1809, 0x9318, 0xBA5E, 0x909E, 0x90BF, 0x98BE, 0xCB5E, 0xEC3F,
    0xD21F, 0xB95F, 0xA8FF, 0xB0FF, 0xB11F, 0xB0BF, 0xC1BE, 0xF53F, 0xA197, 0x1805, 0x0000, 0x3809,
    0xE25B, 0x61AB, 0x0000, 0x0000, 0x0000, 0x0000, 0x1941, 0x5C60, 0x7DC0, 0xE7F5, 0xF7FB, 0xFFFC,
    0x5ACA, 0x0000, 0x2848, 0x0000, 0x0000, 0x0000, 0x0000, 0x3046, 0xB1F2, 0xFCFC, 0xE1B6, 0x604A,
    0x0000, 0x0000, 0x0000, 0x0000, 0x0000, 0x0000, 0x0000, 0x0000, 0x0000, 0x0000, 0x0000, 0x0000,
    0x0000, 0x0000, 0x0000, 0x0000, 0x0000, 0x0000, 0x0000, 0x0000, 0x0000, 0x0000, 0x0000, 0x0000,
    0x0000, 0x7B0F, 0xBAD3, 0x0000, 0x0000, 0x0000, 0x0000, 0x0000, 0x0000, 0x4827, 0x38C7, 0x3085,
    0x0000, 0x686B, 0xD257, 0x618A, 0x0000, 0x0000, 0x0000, 0x3AA1, 0x1961, 0x0000, 0x0000, 0x0000,
    0x0000, 0x3828, 0x3008, 0xA235, 0xC49D, 0x903E, 0xA0FF, 0xA0DF, 0xA0DF, 0xA0FF, 0x989F, 0xC29F,
    0x6975, 0x200C, 0x9AFA, 0xE5BF, 0xDBDE, 0xDA7E, 0xDABF, 0xC1BF, 0xC9FF, 0xD21E, 0xE39E, 0xFDBF,
    0xE49F, 0xB37A, 0x59D1, 0x0000, 0x0000, 0x0000, 0x0000, 0x0000, 0x886E, 0xED1D, 0xBA1E, 0xD19F,
    0xD1FF, 0xC97F, 0xA09F, 0xB13E, 0xFE7F, 0x4A4A, 0x0000, 0x0000, 0x0000, 0x0000, 0x0000, 0x0000,
    0x0000, 0x0000, 0x0000, 0x3927, 0x9895, 0xDC1D, 0xE37E, 0xEA7F, 0xD9FF, 0xDA1F, 0xC97F, 0xAA9C,
    0x380E, 0x1007, 0x1827, 0x0000, 0x0000, 0x0000, 0x1827, 0x1006, 0x0000, 0x282B, 0xA27B, 0x90BE,
    0x909E, 0xB23E, 0xCABE, 0xB0DF, 0xB11F, 0xA8FF, 0xA8FF, 0xB11F, 0xB0DF, 0xC19E, 0xF53F, 0x9998,
    0x0000, 0x0000, 0x3069, 0xDB7A, 0x592B, 0x0000, 0x0000, 0x0000, 0x0000, 0x0000, 0x0000, 0x4321,
    0x8EA0, 0xAF45, 0xEFDA, 0xF7FA, 0xDF57, 0x20E4, 0x0000, 0x2066, 0x0000, 0x0000, 0x0000, 0x0000,
    0x0000, 0xD275, 0x708B, 0x0000, 0x0000, 0x0000, 0x0000, 0x0000, 0x0000, 0x0000, 0x0000, 0x0000,
    0x0000, 0x0000, 0x0000, 0x0000, 0x0000, 0x0000, 0x0000, 0x0000, 0x0000, 0x0000, 0x0000, 0x0000,
    0x0000, 0x0000, 0x0000, 0x0000, 0x0000, 0x30A5, 0x594A, 0x0000, 0x0000, 0x0000, 0x0000, 0x0000,
    0x3826, 0x4026, 0x0000, 0x0000, 0x716C, 0xCB76, 0x3085, 0x0000, 0x0000, 0x0000, 0x53C1, 0x53E0,
    0x0000, 0x0000, 0x0000, 0x0000, 0x0000, 0x3047, 0x3809, 0xBBD9, 0xAB3C, 0x901E, 0xA0DF, 0x98DF,
    0x98DF, 0x98DF, 0x989F, 0xB23D, 0x7156, 0xC47C, 0xE4BF, 0xB9BD, 0xB91F, 0xB93F, 0xB91F, 0xC17F,
    0xC9BF, 0xD23E, 0xD25E, 0xDABF, 0xD1DF, 0xB95F, 0xC35D, 0x9278, 0x50B0, 0x0000, 0x0000, 0x0000,
    0xC975, 0xE57E, 0xD1DE, 0xD19F, 0xD9DF, 0xC95E, 0xA0DF, 0x985E, 0xE47F, 0xAC16, 0x0000, 0x0000,
    0x0000, 0x0000, 0x0000, 0x0000, 0x0000, 0x0000, 0x48E9, 0xD27A, 0xFD1F, 0xFDDE, 0xD9DE, 0xC9DE,
    0xD9DE, 0xB93E, 0xC19F, 0x9A1A, 0x200A, 0x1828, 0x1826, 0x0000, 0x0000, 0x0000, 0x0000, 0x1828,
    0x0000, 0x1007, 0x71D4, 0xA9BF, 0x98DE, 0xB97E, 0xA8FF, 0xA8FF, 0xA8FF, 0xA8FF, 0xA91F, 0xA89F,
    0xC19F, 0xFD3F, 0x9997, 0x1806, 0x0000, 0x384A, 0xD9FB, 0x51AA, 0x0000, 0x0000, 0x0000, 0x0000,
    0x0000, 0x0000, 0x0000, 0x0000, 0x96E1, 0xA780, 0xD7AF, 0xF7DB, 0xFFFB, 0xA573, 0x0000, 0x0000,
    0x20A5, 0x0000, 0x0000, 0x0000, 0x0000, 0x60CA, 0x2044, 0x0000, 0x0000, 0x0000, 0x0000, 0x0000,
    0x0000, 0x0000, 0x0000, 0x0000, 0x0000, 0x0000, 0x0000, 0x0000, 0x0000, 0x0000, 0x0000, 0x0000,
    0x0000, 0x0000, 0x0000, 0x0000, 0x0000, 0x0000, 0x0000, 0x0000, 0x0000, 0x0000, 0x0000, 0x0000,
    0x0000, 0x0000, 0x0000, 0x0000, 0x5849, 0x2005, 0x0000, 0xA8F1, 0xB9F4, 0x0000, 0x0000, 0x0000,
    0x1961, 0x6461, 0x5400, 0x3260, 0x0000, 0x0000, 0x0000, 0x0000, 0x2826, 0x2025, 0x580D, 0xD4FC,
    0x91BC, 0x987F, 0x98DE, 0x98DF, 0x98DF, 0x98DF, 0xA0DF, 0xCC7D, 0xEE9E, 0xDBFE, 0xC27E, 0xC27E,
    0xC23E, 0xB9FE, 0xC1FE, 0xC1BF, 0xB93F, 0xB95F, 0xB11F, 0xB95F, 0xB95F, 0xB13E, 0xB0DF, 0xD33F,
    0xDBFF, 0x69AF, 0x0000, 0x480C, 0xF33A, 0xDCBE, 0xC91E, 0xC17E, 0xE27F, 0xC19F, 0x98BF, 0x989F,
    0xA11E, 0xD31F, 0x406B, 0x0000, 0x0000, 0x0000, 0x0000, 0x0000, 0x0000, 0x50EB, 0xA1D7, 0xDC7D,
    0xE3DE, 0xD1DF, 0xC13F, 0xC19E, 0xB0DE, 0xA8BE, 0xBA3E, 0x7976, 0x1809, 0x202A, 0x0000, 0x0000,
    0x0000, 0x0000, 0x0000, 0x0000, 0x0000, 0x0000, 0x284C, 0x99FB, 0xA8BF, 0xA0BF, 0xA0DF, 0xA0DF,
    0xA8FF, 0xA8FF, 0xA8DF, 0xC19E, 0xF51F, 0x9196, 0x0000, 0x0000, 0x386A, 0xC978, 0x4869, 0x0000,
    0x0000, 0x0000, 0x0000, 0x0000, 0x0000, 0x0000, 0x0000, 0x0000, 0x4B23, 0xB7E1, 0xAFA1, 0xEFD7,
    0xF7DD, 0xFFFC, 0x630D, 0x0000, 0x28C7, 0x28C7, 0x0000, 0x0000, 0x0000, 0x2024, 0x0000, 0x0000,
    0x0000, 0x0000, 0x0000, 0x0000, 0x0000, 0x0000, 0x0000, 0x0000, 0x0000, 0x0000, 0x0000, 0x0000,
    0x0000, 0x0000, 0x0000, 0x0000, 0x0000, 0x0000, 0x0000, 0x0000, 0x0000, 0x0000, 0x0000, 0x0000,
    0x0000, 0x0000, 0x0000, 0x0000, 0x0000, 0x0000, 0x0000, 0x0000, 0x684A, 0x2886, 0xC215, 0x910E,
    0x0000, 0x0000, 0x0000, 0x3AA1, 0x7581, 0x4BA0, 0x6460, 0x2181, 0x0000, 0x0000, 0x0000, 0x0000,
    0x2827, 0x0000, 0x78D1, 0xCD1C, 0x809C, 0x98BF, 0x98BF, 0x98BF, 0x98DF, 0x98BE, 0xA9BF, 0xA339,
    0x5953, 0x5912, 0x61B3, 0x6153, 0x6114, 0x6114, 0x5131, 0xB35B, 0xB11F, 0xA8DF, 0xB93F, 0xB95F,
    0xB0FF, 0xB11F, 0xB11F, 0xB0BE, 0xDC5E, 0xFF1F, 0x8BD4, 0x78B1, 0xFDDE, 0xED5E, 0xC9DE, 0xB13E,
    0xC15F, 0xB11F, 0xA0BF, 0x989F, 0x98BE, 0xCB3E, 0xBA1D, 0x2007, 0x0000, 0x0000, 0x0000, 0x0000,
    0x590E, 0x9AB7, 0xB43B, 0xA99E, 0xA83E, 0xA07E, 0xB13E, 0xDA7F, 0xC99F, 0xA0BE, 0xAA3D, 0x58B2,
    0x1008, 0x284B, 0x0000, 0x0000, 0x0000, 0x0000, 0x0000, 0x0000, 0x0000, 0x0000, 0x2808, 0xA378,
    0xB9FF, 0xA09E, 0xA8FF, 0xA8DF, 0xA8FF, 0xA8DF, 0xB8FF, 0xEC9F, 0x8996, 0x0000, 0x0000, 0x382A,
    0xA0F4, 0x2044, 0x0000, 0x0000, 0x0000, 0x0000, 0x0000, 0x0000, 0x0000, 0x0000, 0x5028, 0x0000,
    0x0000, 0x8DA3, 0xB7E0, 0xBFA7, 0xFFFE, 0xFFFE, 0xEF7B, 0x2906, 0x0000, 0x498A, 0x0000, 0x0000,
    0x0000, 0x0000, 0x0000, 0x0000, 0x0000, 0x0000, 0x0000, 0x0000, 0x0000, 0x0000, 0x0000, 0x0000,
    0x0000, 0x0000, 0x0000, 0x0000, 0x0000, 0x0000, 0x0000, 0x0000, 0x0000, 0x0000, 0x0000, 0x0000,
    0x0000, 0x0000, 0x0000, 0x0000, 0x0000, 0x0000, 0x0000, 0x0000, 0x0000, 0x0000, 0x0000, 0x0000,
    0xBA13, 0xD397, 0x68CA, 0x0000, 0x0000, 0x0000, 0x4B81, 0x8641, 0x6CE0, 0x7DC0, 0x4B81, 0x0000,
    0x0000, 0x0000, 0x0000, 0x0000, 0x2826, 0x0000, 0x9A75, 0xBC5B, 0x801D, 0x98DF, 0x98BF, 0x98BF,
    0x98DF, 0x905E, 0xAA3F, 0x7937, 0x0000, 0x0000, 0x0000, 0x0000, 0x0000, 0x0000, 0x0000, 0x5953,
    0xC37D, 0xB0DF, 0xB0FF, 0xB95F, 0xC17E, 0xC17F, 0xB95F, 0xB95F, 0xC19E, 0xEDBF, 0xB41B, 0xA9B6,
    0xFEDF, 0xF51E, 0xDA9E, 0xB13E, 0xA8DE, 0xA09F, 0x98BF, 0x98BE, 0x98DE, 0x90BD, 0xB27E, 0x997B,
    0x0000, 0x0000, 0x2025, 0x70F1, 0x9B37, 0xB35D, 0x889E, 0x907E, 0x90DE, 0x98DE, 0xB0DE, 0xC13E,
    0x98BE, 0x90BF, 0xA23C, 0x4830, 0x1809, 0x284A, 0x0000, 0x0000, 0x0000, 0x0000, 0x0000, 0x0000,
    0x0000, 0x0000, 0x704D, 0xED1D, 0xA17E, 0xA0BF, 0xA0DF, 0xA8DF, 0xA8FF, 0xA8BF, 0xA95E, 0xE3BF,
    0x380C, 0x0000, 0x2829, 0x586D, 0x0000, 0x0000, 0x0000, 0x0000, 0x0000, 0x0000, 0x0000, 0x0000,
    0x0000, 0x0000, 0x2005, 0x604A, 0x0000, 0x20E3, 0xA741, 0xAFC0, 0xD7AF, 0xFFDE, 0xFFFD, 0xAD94,
    0x0000, 0x18A5, 0x5A6D, 0x0000, 0x0000, 0x0000, 0x0000, 0x0000, 0x0000, 0x0000, 0x0000, 0x0000,
    0x0000, 0x0000, 0x0000, 0x0000, 0x0000, 0x0000, 0x0000, 0x0000, 0x0000, 0x0000, 0x0000, 0x0000,
    0x0000, 0x0000, 0x0000, 0x0000, 0x0000, 0x0000, 0x0000, 0x0000, 0x0000, 0x0000, 0x0000, 0x0000,
    0x1865, 0x30A8, 0x0000, 0x5169, 0xF47A, 0x40A6, 0x0000, 0x0000, 0x0000, 0x64A0, 0x9681, 0x6D00,
    0x96A0, 0x7522, 0x0000, 0x0000, 0x0000, 0x0000, 0x0000, 0x0000, 0x1825, 0x2807, 0xCBF9, 0x9AFB,
    0x883E, 0x90DE, 0x90BE, 0x90BE, 0x90BE, 0x887E, 0xAABD, 0x4891, 0x0000, 0x0000, 0x0000, 0x0000,
    0x0000, 0x0000, 0x0000, 0x1007, 0x69B4, 0xC37E, 0xA8DF, 0xA91F, 0xB95F, 0xD21E, 0xC17F, 0xB11F,
    0xB8DF, 0xBA7D, 0x3010, 0x8892, 0xED1F, 0xB95D, 0xA8BF, 0x989E, 0xA8DF, 0x98DE, 0x909E, 0x90BE,
    0x88BE, 0x889E, 0x889D, 0xC2FF, 0x7097, 0x1806, 0x7152, 0xA35A, 0xA23D, 0x883E, 0x887E, 0x889E,
    0x90DE, 0xA91E, 0xA0DE, 0xA0DE, 0x883E, 0x991E, 0x91FA, 0x300C, 0x202B, 0x2028, 0x0000, 0x0000,
    0x0000, 0x0000, 0x0000, 0x0000, 0x0000, 0x0000, 0xA953, 0xD4BD, 0x905E, 0xA8DF, 0xA8DF, 0xA0DF,
    0xA0DE, 0x885E, 0x99FD, 0xC2BE, 0x2008, 0x0000, 0x2047, 0x0000, 0x0000, 0x0000, 0x0000, 0x0000,
    0x0000, 0x0000, 0x0000, 0x0000, 0x0000, 0x0000, 0x0000, 0x4827, 0x5048, 0x0000, 0x52C4, 0xBFE1,
    0xAFA1, 0xEFD9, 0xFFDF, 0xFFFE, 0x6B0E, 0x0000, 0x498B, 0x3948, 0x0000, 0x0000, 0x0000, 0x0000,
    0x0000, 0x0000, 0x0000, 0x0000, 0x0000, 0x0000, 0x0000, 0x0000, 0x0000, 0x0000, 0x0000, 0x0000,
    0x0000, 0x0000, 0x0000, 0x0000, 0x0000, 0x0000, 0x0000, 0x0000, 0x0000, 0x0000, 0x0000, 0x0000,
    0x0000, 0x0000, 0x0000, 0x0000, 0x596E, 0x1845, 0x0000, 0x598A, 0x30C6, 0x0000, 0x0000, 0x2161,
    0x7540, 0xA6E4, 0xA704, 0x9F60, 0x8E41, 0x0000, 0x0000, 0x0000, 0x0000, 0x0000, 0x0000, 0x0000,
    0x0000, 0x580C, 0xE4FC, 0x817B, 0x907F, 0x90BE, 0x88BE, 0x88BE, 0x889D, 0x88FE, 0xA29B, 0x200A,
    0x0000, 0x2029, 0x382D, 0x382C, 0x302A, 0x2029, 0x200A, 0x1026, 0x1007, 0x59D0, 0xBA9E, 0xA09F,
    0xB11F, 0xB95E, 0xA8FF, 0xA8DF, 0xB17F, 0x9A7A, 0x180A, 0x89B4, 0xC47D, 0x801C, 0xA0BE, 0x909E,
    0x98BE, 0x90BE, 0x88BE, 0x889D, 0x88BD, 0x88BE, 0x887E, 0x993D, 0xAAFB, 0x7213, 0xAB5C, 0x88FD,
    0x803D, 0x90DE, 0x889D, 0x889D, 0x98BE, 0x98DE, 0x98BE, 0x98BE, 0x805D, 0x99FD, 0x7977, 0x200A,
    0x302D, 0x0000, 0x0000, 0x0000, 0x0000, 0x0000, 0x0000, 0x0000, 0x0000, 0x3007, 0xD2D9, 0xB3DC,
    0x981E, 0xA8FF, 0xA0BF, 0x889D, 0x809D, 0x781D, 0xB2DF, 0xA179, 0x0000, 0x0000, 0x0000, 0x0000,
    0x0000, 0x0000, 0x0000, 0x0000, 0x0000, 0x0000, 0x0000, 0x0000, 0x0000, 0x2024, 0x0000, 0x0000,
    0x0000, 0x0000, 0x0000, 0x8D64, 0xB7E0, 0xBFA7, 0xFFFE, 0xFFFE, 0xDF56, 0x20E5, 0x0000, 0x622F,
    0x0000, 0x0000, 0x0000, 0x0000, 0x0000, 0x0000, 0x0000, 0x0000, 0x0000, 0x0000, 0x0000, 0x0000,
    0x0000, 0x0000, 0x0000, 0x0000, 0x0000, 0x0000, 0x0000, 0x0000, 0x0000, 0x0000, 0x0000, 0x0000,
    0x0000, 0x0000, 0x0000, 0x0000, 0x0000, 0x0000, 0x0000, 0x3949, 0x30C9, 0x0000, 0x0000, 0x0000,
    0x0000, 0x0000, 0x3260, 0x8E40, 0xBF48, 0xAF45, 0xAFE0, 0xA781, 0x1922, 0x0000, 0x3027, 0x1805,
    0x0000, 0x0000, 0x0000, 0x0000, 0x0000, 0x98F2, 0xDD1C, 0x787C, 0x90BE, 0x88BD, 0x889D, 0x88BD,
    0x805D, 0x999E, 0x81D8, 0x1007, 0x0000, 0x0000, 0x0000, 0x0000, 0x0000, 0x0000, 0x1826, 0x1026,
    0x2808, 0x92D4, 0x9A5C, 0xA0BF, 0xA8FF, 0xA8FF, 0xA91F, 0xA0BF, 0xA9FE, 0x7195, 0x1007, 0xA2F7,
    0x9B3A, 0x781D, 0xA0DE, 0x909E, 0x889D, 0x889D, 0x889D, 0x889D, 0x889D, 0x889D, 0x88BD, 0x803D,
    0x99BC, 0x9A9C, 0x785D, 0x807D, 0x90DD, 0x90BD, 0x809D, 0x88BD, 0x90BE, 0x807E, 0x887E, 0x889D,
    0x805D, 0xA27D, 0x58B3, 0x1809, 0x382D, 0x0000, 0x0000, 0x0000, 0x0000, 0x0000, 0x0000, 0x0000,
    0x1825, 0x4809, 0xEC3B, 0xAABD, 0x985F, 0x90BE, 0x809D, 0x809D, 0x809D, 0x785D, 0xC31E, 0x80B5,
    0x1008, 0x2028, 0x0000, 0x0000, 0x0000, 0x0000, 0x0000, 0x0000, 0x0000, 0x0000, 0x2044, 0x0000,
    0x0000, 0x0000, 0x0000, 0x0000, 0x0000, 0x3846, 0x0000, 0x28E4, 0xAF43, 0xAFC0, 0xD7CF, 0xEFDA,
    0xE7F2, 0xAD93, 0x0000, 0x20A7, 0x51AC, 0x0000, 0x0000, 0x0000, 0x0000, 0x0000, 0x0000, 0x0000,
    0x0000, 0x0000, 0x0000, 0x0000, 0x0000, 0x0000, 0x0000, 0x0000, 0x0000, 0x0000, 0x0000, 0x0000,
    0x0000, 0x0000, 0x0000, 0x0000, 0x0000, 0x0000, 0x0000, 0x0000, 0x0000, 0x0000, 0x0000, 0x516D,
    0x0000, 0x0000, 0x0000, 0x0000, 0x0000, 0x4BA0, 0xA703, 0xD790, 0xC7AA, 0xA780, 0xAFA1, 0x3A42,
    0x0000, 0x3046, 0x3027, 0x0000, 0x0000, 0x0000, 0x0000, 0x0000, 0x0000, 0xD277, 0xBC5C, 0x781C,
    0x88BD, 0x809D, 0x809D, 0x80BD, 0x805D, 0xA23D, 0x6113, 0x0000, 0x0000, 0x0000, 0x0000, 0x0000,
    0x0000, 0x0000, 0x0000, 0x0000, 0x8090, 0xECFF, 0xA15E, 0xA8FF, 0xA91F, 0xA0FF, 0x98FE, 0x887E,
    0xAA3D, 0x50B2, 0x1808, 0xBBFA, 0x81D9, 0x801E, 0x909E, 0x889D, 0x809D, 0x809D, 0x809D, 0x809D,
    0x809D, 0x809C, 0x809C, 0x809C, 0x785C, 0x783D, 0x809D, 0x809D, 0x889D, 0x809D, 0x809D, 0x889D,
    0x809D, 0x809D, 0x807D, 0x807D, 0x90DE, 0xAA9C, 0x4010, 0x200B, 0x304B, 0x0000, 0x0000, 0x0000,
    0x0000, 0x0000, 0x0000, 0x2025, 0x1805, 0x784E, 0xECFD, 0x919D, 0x887D, 0x809C, 0x809D, 0x809D,
    0x807D, 0x80FD, 0xCAFE, 0x5810, 0x182A, 0x302B, 0x0000, 0x0000, 0x0000, 0x0000, 0x0000, 0x0000,
    0x0000, 0x0000, 0x0000, 0x0000, 0x39C8, 0x7ACE, 0x4969, 0x0000, 0x0000, 0x3026, 0x604A, 0x0000,
    0x5303, 0xBFE1, 0xAF80, 0xDFB3, 0xE7D8, 0xFFFB, 0x6B0E, 0x0000, 0x514D, 0x28E7, 0x0000, 0x0000,
    0x0000, 0x0000, 0x0000, 0x0000, 0x0000, 0x0000, 0x0000, 0x0000, 0x0000, 0x0000, 0x0000, 0x0000,
    0x0000, 0x0000, 0x0000, 0x0000, 0x0000, 0x0000, 0x0000, 0x0000, 0x0000, 0x0000, 0x0000, 0x0000,
    0x0000, 0x0000, 0x492C, 0x1826, 0x0000, 0x0000, 0x0000, 0x0000, 0x6CC0, 0xBF8B, 0xEFD9, 0xC7CA,
    0xAFE0, 0xB7E2, 0x4AE2, 0x0000, 0x0000, 0x3027, 0x0000, 0x0000, 0x0000, 0x0000, 0x0000, 0x0000,
    0x3007, 0xE3FA, 0x9AFB, 0x781C, 0x80BD, 0x809D, 0x809D, 0x809C, 0x807C, 0xA29C, 0x4050, 0x0000,
    0x0000, 0x0000, 0x0000, 0x0000, 0x0000, 0x0000, 0x2847, 0x500D, 0xCA58, 0xDCBF, 0xA09F, 0xA0FF,
    0x98DE, 0x90BE, 0x809D, 0x88BD, 0xA27D, 0x300F, 0x282A, 0xBC5B, 0x70BA, 0x887E, 0x889D, 0x809D,
    0x807C, 0x809C, 0x809D, 0x809C, 0x809C, 0x809C, 0x809C, 0x809C, 0x809C, 0x809C, 0x809D, 0x889D,
    0x809C, 0x809C, 0x807C, 0x807C, 0x809D, 0x809D, 0x809D, 0x805D, 0xA99E, 0x9A79, 0x280D, 0x302E,
    0x2828, 0x0000, 0x0000, 0x0000, 0x0000, 0x0000, 0x0000, 0x2026, 0x0000, 0xA973, 0xD51C, 0x705A,
    0x809D, 0x809D, 0x809D, 0x809C, 0x785C, 0x99DD, 0xCA7E, 0x380D, 0x302D, 0x2828, 0x0000, 0x0000,
    0x0000, 0x0000, 0x0000, 0x2006, 0x3889, 0x6A2E, 0x9CD4, 0xDE1B, 0xE4DB, 0x71AD, 0x0000, 0x0000,
    0x0000, 0x0000, 0x5049, 0x2025, 0x0000, 0x8DA3, 0xBFE0, 0xBFC6, 0xEFD9, 0xEFF8, 0xDF78, 0x2906,
    0x0000, 0x6170, 0x0000, 0x0000, 0x0000, 0x0000, 0x0000, 0x0000, 0x0000, 0x0000, 0x0000, 0x0000,
    0x0000, 0x0000, 0x0000, 0x0000, 0x0000, 0x0000, 0x0000, 0x0000, 0x0000, 0x0000, 0x0000, 0x0000,
    0x0000, 0x0000, 0x0000, 0x0000, 0x0000, 0x3108, 0x40EB, 0x0000, 0x0000, 0x0000, 0x1940, 0x9627,
    0xE7F5, 0xEFFB, 0xBFA7, 0x96E0, 0x7D41, 0x39E3, 0x0000, 0x0000, 0x0000, 0x0000, 0x0000, 0x0000,
    0x0000, 0x0000, 0x0000, 0x0000, 0x682C, 0xED1D, 0x7999, 0x805C, 0x809C, 0x809C, 0x809C, 0x787C,
    0x88FD, 0x9259, 0x200A, 0x1026, 0x0000, 0x0000, 0x0000, 0x0000, 0x2025, 0x380A, 0x604F, 0xC2FA,
    0xFEDF, 0xD33E, 0xA07F, 0x90BE, 0x809D, 0x809D, 0x785D, 0x993E, 0x921A, 0x1008, 0x512D, 0xB43C,
    0x703C, 0x889D, 0x807D, 0x807C, 0x807C, 0x809C, 0x809C, 0x809C, 0x789C, 0x787C, 0x809C, 0x809C,
    0x809C, 0x809C, 0x809C, 0x809C, 0x807C, 0x809C, 0x787C, 0x789C, 0x809C, 0x809C, 0x80BD, 0x903D,
    0xDB1F, 0x81D6, 0x280C, 0x404F, 0x1825, 0x0000, 0x0000, 0x0000, 0x0000, 0x0000, 0x0000, 0x2046,
    0x0000, 0xC276, 0xBC7B, 0x701B, 0x80BD, 0x809C, 0x809C, 0x80BC, 0x783C, 0xAA7D, 0xA97B, 0x200B,
    0x484F, 0x0000, 0x0000, 0x0000, 0x0000, 0x496A, 0x9353, 0xCD59, 0xEE9D, 0xFFBF, 0xFDBF, 0xB9F5,
    0x3806, 0x0000, 0x0000, 0x0000, 0x0000, 0x0000, 0x0000, 0x0000, 0x0000, 0x0000, 0x9504, 0xA721,
    0xCFEB, 0xE7D9, 0xF7F9, 0xB5B5, 0x0000, 0x3089, 0x514C, 0x0000, 0x0000, 0x0000, 0x0000, 0x0000,
    0x0000, 0x0000, 0x0000, 0x0000, 0x0000, 0x0000, 0x0000, 0x0000, 0x0000, 0x0000, 0x0000, 0x0000,
    0x0000, 0x0000, 0x0000, 0x0000, 0x0000, 0x0000, 0x0000, 0x0000, 0x0000, 0x6151, 0x0000, 0x0000,
    0x0000, 0x4A86, 0xCF32, 0xFFFC, 0xFFFE, 0xC76D, 0x9E08, 0xAD51, 0xBDD7, 0xC5D8, 0xCE19, 0xCE19,
    0xC5F8, 0xBDD6, 0xC5F4, 0xA56F, 0x0000, 0x0000, 0x0000, 0x0000, 0xA912, 0xD51C, 0x6879, 0x809C,
    0x789C, 0x789C, 0x809C, 0x785C, 0x91BD, 0x71B5, 0x1007, 0x1847, 0x0000, 0x0000, 0x0000, 0x380C,
    0x78F4, 0xBB3C, 0xD49F, 0xDCBF, 0xDC1E, 0xB15E, 0x909E, 0x809D, 0x809D, 0x809D, 0x785D, 0xA9FE,
    0x7155, 0x0000, 0x7A53, 0xAADD, 0x781C, 0x809C, 0x807C, 0x807C, 0x807C, 0x787C, 0x787C, 0x787C,
    0x787C, 0x787C, 0x787C, 0x789C, 0x787C, 0x789C, 0x787B, 0x787B, 0x787C, 0x787B, 0x789B, 0x789C,
    0x809C, 0x80BC, 0x801D, 0xC23F, 0xDD3D, 0x60B4, 0x280C, 0x486F, 0x0000, 0x0000, 0x0000, 0x0000,
    0x0000, 0x0000, 0x0000, 0x0000, 0x3807, 0xDB79, 0xA35B, 0x701C, 0x789C, 0x787C, 0x789C, 0x809C,
    0x785C, 0xB29D, 0x7095, 0x200A, 0x504F, 0x0000, 0x0000, 0x20C6, 0xA2D8, 0xCB5D, 0xD31D, 0xE3BF,
    0xED9F, 0xD2BB, 0x600C, 0x0000, 0x2866, 0x0000, 0x0000, 0x5B85, 0xC5F6, 0xC5D9, 0xC5D8, 0xCDF9,
    0xCDFA, 0xC5DA, 0xCDD8, 0xB571, 0xAE87, 0xDFD4, 0xF7FB, 0xFFFC, 0x630C, 0x0000, 0x5911, 0x2066,
    0x0000, 0x0000, 0x0000, 0x0000, 0x0000, 0x0000, 0x0000, 0x0000, 0x0000, 0x0000, 0x0000, 0x0000,
    0x0000, 0x0000, 0x0000, 0x0000, 0x0000, 0x0000, 0x0000, 0x0000, 0x0000, 0x0000, 0x0000, 0x0000,
    0x50EE, 0x2848, 0x0000, 0x6B8C, 0x7C0D, 0xFFFB, 0xEFD8, 0xC710, 0xAE8B, 0xAE8C, 0xBEB0, 0xBED0,
    0xC710, 0xC70F, 0xC710, 0xD752, 0xDF73, 0xDFF1, 0xCFE9, 0x9605, 0x0000, 0x0000, 0x0000, 0x0000,
    0xDA97, 0xAC5A, 0x681A, 0x809C, 0x787C, 0x789C, 0x789C, 0x785C, 0xA29C, 0x5912, 0x0000, 0x0000,
    0x0000, 0x486E, 0x8A37, 0xBBFC, 0xBC5C, 0x92FA, 0x813B, 0x903D, 0x903E, 0x88BE, 0x889D, 0x809D,
    0x807C, 0x809C, 0x885D, 0xC2BE, 0x5892, 0x0000, 0x40AF, 0x99FB, 0x805D, 0x807C, 0x787C, 0x787C,
    0x787B, 0x787B, 0x787B, 0x787B, 0x707B, 0x787B, 0x787B, 0x787B, 0x787B, 0x787B, 0x707B, 0x707B,
    0x787B, 0x789B, 0x789C, 0x787C, 0x809C, 0x801D, 0xB27E, 0xD4DC, 0x58F2, 0x2008, 0x302C, 0x486E,
    0x0000, 0x0000, 0x0000, 0x0000, 0x0000, 0x0000, 0x0000, 0x0000, 0x600B, 0xEC9C, 0x81DA, 0x783C,
    0x789C, 0x787C, 0x787C, 0x785C, 0x88DD, 0xB2DD, 0x4810, 0x2029, 0x484C, 0x0000, 0x0000, 0x6972,
    0x7078, 0x6817, 0x999A, 0xD41E, 0xA9F8, 0x3809, 0x0000, 0x48A9, 0x0000, 0x0000, 0x3281, 0x7E01,
    0xC7EA, 0xD7EE, 0xCFEE, 0xCFCE, 0xCFCF, 0xCFB0, 0xC731, 0xBEB0, 0xAE0D, 0xAE6B, 0xCEF2, 0xE7B7,
    0xEFB9, 0x2947, 0x0000, 0x60F0, 0x0000, 0x0000, 0x0000, 0x0000, 0x0000, 0x0000, 0x0000, 0x0000,
    0x0000, 0x0000, 0x0000, 0x0000, 0x0000, 0x0000, 0x0000, 0x0000, 0x0000, 0x0000, 0x0000, 0x0000,
    0x0000, 0x0000, 0x0000, 0x2869, 0x50B0, 0x0000, 0x6B4C, 0xCED4, 0xBEB0, 0xAE2B, 0x95A8, 0x9587,
    0x9588, 0x9588, 0x9567, 0x8D27, 0x84E6, 0x8D27, 0x9D89, 0xA589, 0xADEB, 0xAE69, 0xA6C3, 0x4B61,
    0x0000, 0x0000, 0x0000, 0x4009, 0xE41A, 0x8AD9, 0x701B, 0x809C, 0x789C, 0x789C, 0x789C, 0x809C,
    0xA2BC, 0x380F, 0x2008, 0x6993, 0xA35A, 0xBC5C, 0xA39A, 0x71B8, 0x6859, 0x701B, 0x785C, 0x809C,
    0x789C, 0x809C, 0x809C, 0x809D, 0x809D, 0x807D, 0xA0FE, 0xCB3D, 0x400F, 0x0000, 0x0000, 0x6153,
    0xAA9D, 0x783C, 0x787B, 0x787B, 0x787B, 0x787B, 0x707B, 0x707B, 0x707B, 0x707A, 0x707A, 0x707A,
    0x707A, 0x707A, 0x707A, 0x707A, 0x707A, 0x707B, 0x809C, 0x90BD, 0xA0BD, 0xCB3E, 0xDC5C, 0x6073,
    0x0000, 0x0000, 0x304C, 0x406B, 0x0000, 0x0000, 0x0000, 0x0000, 0x0000, 0x0000, 0x0000, 0x0000,
    0x88AF, 0xDD1C, 0x70BA, 0x787C, 0x787B, 0x787B, 0x809C, 0x887E, 0xA17F, 0x8A18, 0x200B, 0x406D,
    0x3868, 0x0000, 0x1806, 0x5873, 0x9259, 0xE59E, 0xFF5F, 0xAA3A, 0x2007, 0x0000, 0x608A, 0x0000,
    0x0000, 0x21A1, 0x5421, 0x8E02, 0xA6E1, 0x9EA2, 0x9662, 0x9642, 0x9642, 0x8DC4, 0x8D26, 0x8D47,
    0x9588, 0x9568, 0x8D07, 0x8D09, 0xC692, 0x9D11, 0x0000, 0x408D, 0x408C, 0x0000, 0x0000, 0x0000,
    0x0000, 0x0000, 0x0000, 0x0000, 0x0000, 0x0000, 0x0000, 0x0000, 0x0000, 0x0000, 0x0000, 0x0000,
    0x0000, 0x0000, 0x0000, 0x0000, 0x0000, 0x0000, 0x0000, 0x58D1, 0x0000, 0x0000, 0x0000, 0x0000,
    0x0000, 0x0000, 0x0000, 0x0000, 0x0000, 0x0000, 0x0000, 0x0000, 0x0000, 0x0000, 0x0000, 0x0000,
    0x0000, 0x0000, 0x0000, 0x0000, 0x0000, 0x0000, 0x0000, 0x784E, 0xE4FC, 0x7179, 0x805C, 0x809C,
    0x789C, 0x789C, 0x807D, 0xA13E, 0xB2FC, 0x9298, 0xC49C, 0xB43B, 0x8239, 0x68B8, 0x681A, 0x703C,
    0x787C, 0x789B, 0x707B, 0x787B, 0x787B, 0x789B, 0x789C, 0x809C, 0x80BD, 0x985D, 0xD2BE, 0xCB1C,
    0x380E, 0x0000, 0x0000, 0x1809, 0x8216, 0xA21D, 0x781C, 0x789C, 0x787B, 0x707B, 0x707A, 0x707A,
    0x707A, 0x707A, 0x707A, 0x707A, 0x707A, 0x707A, 0x707A, 0x707B, 0x789B, 0x911C, 0xA95D, 0xC1DD,
    0xECDE, 0xFBDD, 0x8811, 0x0000, 0x0000, 0x0000, 0x0000, 0x0000, 0x0000, 0x0000, 0x0000, 0x0000,
    0x0000, 0x0000, 0x0000, 0x0000, 0xA9B4, 0xC4BB, 0x681A, 0x787C, 0x787C, 0x889D, 0x98DF, 0x907F,
    0xAA5E, 0x6974, 0x0000, 0x0000, 0x1807, 0x50B0, 0xA31A, 0xDCBE, 0xE53F, 0xFF5F, 0xB25B, 0x2008,
    0x0000, 0x70AE, 0x0000, 0x0000, 0x0000, 0x0000, 0x0000, 0x0000, 0x2123, 0x2103, 0x0000, 0x0000,
    0x0000, 0x0000, 0x0000, 0x0000, 0x0000, 0x0000, 0x0000, 0x0000, 0x0000, 0x0000, 0x0000, 0x0000,
    0x486E, 0x0000, 0x0000, 0x0000, 0x0000, 0x0000, 0x0000, 0x0000, 0x0000, 0x0000, 0x0000, 0x0000,
    0x0000, 0x0000, 0x0000, 0x0000, 0x0000, 0x0000, 0x0000, 0x0000, 0x0000, 0x0000, 0x48AD, 0x78F5,
    0x408B, 0x48AE, 0x406E, 0x406E, 0x406E, 0x404E, 0x406E, 0x486E, 0x508D, 0x50AE, 0x58CE, 0x60EE,
    0x696E, 0x618E, 0x692F, 0x7130, 0x70EF, 0x68EE, 0x506D, 0x0000, 0x0000, 0x0000, 0x0000, 0xA112,
    0xCCFC, 0x789B, 0xA0FE, 0x809C, 0x707B, 0x707B, 0x803C, 0xA9FE, 0xBCDA, 0x8B18, 0x6937, 0x6018,
    0x681A, 0x707B, 0x709B, 0x707A, 0x707A, 0x707A, 0x707A, 0x707A, 0x707A, 0x709B, 0x789B, 0x805C,
    0x881D, 0xC21E, 0xFE9F, 0xC9DB, 0x280A, 0x0000, 0x0000, 0x0000, 0x280C, 0x9ABA, 0xA9BE, 0x801D,
    0x787C, 0x787B, 0x707A, 0x707A, 0x6879, 0x6899, 0x7099, 0x7079, 0x707A, 0x707A, 0x707A, 0x707A,
    0x78BB, 0x809B, 0x909C, 0xCBDD, 0xFB1D, 0x9811, 0x0000, 0x0000, 0x0000, 0x0000, 0x0000, 0x0000,
    0x0000, 0x0000, 0x0000, 0x0000, 0x0000, 0x0000, 0x0000, 0x0000, 0xC2D7, 0xA3BB, 0x681B, 0x789C,
    0x90BE, 0xA0DF, 0x90BE, 0x805D, 0xA29D, 0x382F, 0x1007, 0x5970, 0xABBA, 0xC4DC, 0xB37D, 0xBA9D,
    0xED7F, 0xA1F9, 0x1807, 0x0000, 0x70CF, 0x0000, 0x0000, 0x0000, 0x1005, 0x0000, 0x1006, 0x1807,
    0x1807, 0x1808, 0x2009, 0x280A, 0x280B, 0x302C, 0x382E, 0x384E, 0x404E, 0x406E, 0x406E, 0x408E,
    0x408E, 0x406E, 0x488E, 0x488C, 0x70F3, 0x50AF, 0x0000, 0x0000, 0x0000, 0x0000, 0x0000, 0x0000,
    0x0000, 0x0000, 0x0000, 0x0000, 0x0000, 0x0000, 0x0000, 0x0000, 0x0000, 0x0000, 0x0000, 0x0000,
    0x0000, 0x0000, 0x0000, 0x488E, 0x58B0, 0x50B0, 0x508F, 0x508F, 0x508F, 0x486E, 0x488E, 0x488E,
    0x50AE, 0x58CE, 0x60CF, 0x690F, 0x716F, 0x71EF, 0x7950, 0x7950, 0x790F, 0x70EE, 0x506C, 0x0000,
    0x0000, 0x0000, 0x2006, 0xCA77, 0xB43B, 0x701B, 0x98FD, 0x707B, 0x707B, 0x707A, 0x787B, 0x70B9,
    0x5857, 0x6019, 0x705A, 0x709A, 0x709A, 0x707A, 0x707A, 0x707A, 0x707A, 0x707A, 0x707A, 0x709A,
    0x707A, 0x683A, 0x785C, 0x999D, 0xD39F, 0xFC7F, 0xFABE, 0xA114, 0x282C, 0x1808, 0x1827, 0x1006,
    0x0000, 0x4853, 0xCBBD, 0xCA1E, 0x985E, 0x783C, 0x783B, 0x683A, 0x6839, 0x6859, 0x6839, 0x6839,
    0x683A, 0x6859, 0x6859, 0x685A, 0x703A, 0x889C, 0xD3DD, 0xFB1C, 0x804E, 0x0000, 0x0000, 0x3049,
    0x2846, 0x0000, 0x0000, 0x0000, 0x0000, 0x0000, 0x0000, 0x0000, 0x0000, 0x0000, 0x0000, 0x3808,
    0xDC3A, 0x8A5A, 0x781C, 0x809D, 0x889E, 0x88BE, 0x809D, 0x911E, 0xAAFB, 0x7234, 0xBC9A, 0xC4BD,
    0x9ABA, 0x705A, 0x887D, 0xED9F, 0xAA9B, 0x1807, 0x0000, 0x68AD, 0x2845, 0x0000, 0x0000, 0x0000,
    0x1805, 0x1805, 0x1826, 0x1806, 0x1806, 0x2028, 0x2029, 0x282A, 0x302C, 0x384D, 0x384D, 0x406E,
    0x486E, 0x488F, 0x488F, 0x50AF, 0x50AF, 0x508F, 0x508F, 0x58AF, 0x58AF, 0x0000, 0x0000, 0x0000,
    0x0000, 0x0000, 0x0000, 0x0000, 0x0000, 0x0000, 0x0000, 0x0000, 0x0000, 0x0000, 0x0000, 0x0000,
    0x0000, 0x0000, 0x0000, 0x0000, 0x0000, 0x0000, 0x0000, 0x0000, 0x0000, 0x0000, 0x0000, 0x0000,
    0x0000, 0x0000, 0x0000, 0x0000, 0x0000, 0x0000, 0x0000, 0x0000, 0x0000, 0x0000, 0x0000, 0x0000,
    0x0000, 0x0000, 0x0000, 0x0000, 0x0000, 0x0000, 0x2808, 0xBBBA, 0xA2DC, 0x801D, 0x88FB, 0x685A,
    0x707A, 0x707A, 0x687A, 0x6859, 0x707A, 0x7099, 0x6879, 0x6879, 0x6879, 0x6879, 0x6879, 0x7079,
    0x707A, 0x709A, 0x683A, 0x6819, 0x789A, 0x91FC, 0xC33E, 0xD31C, 0xD1B9, 0x8810, 0x3007, 0x0000,
    0x282C, 0x2009, 0x0000, 0x282C, 0x0000, 0x1006, 0x78F9, 0xFD9F, 0xDBBF, 0xB2DE, 0xA29C, 0x9A5B,
    0x9A3B, 0x9A3B, 0x9A3B, 0x9A1B, 0x9A1B, 0x9A1B, 0xA23B, 0xAA1C, 0xB9FC, 0xDB7C, 0xFAFD, 0x9190,
    0x0000, 0x1806, 0x78F1, 0x486A, 0x0000, 0x0000, 0x0000, 0x0000, 0x0000, 0x0000, 0x0000, 0x0000,
    0x0000, 0x0000, 0x0000, 0x602C, 0xD4DB, 0x791A, 0x805D, 0x809D, 0x889E, 0x80BD, 0x807C, 0xAA1D,
    0xCD1B, 0xABBB, 0x81BA, 0x683A, 0x701C, 0x90DD, 0xE57F, 0x9A39, 0x0000, 0x0000, 0x506C, 0x3046,
    0x0000, 0x0000, 0x0000, 0x0000, 0x0000, 0x0000, 0x0000, 0x0000, 0x0000, 0x0000, 0x0000, 0x0000,
    0x0000, 0x0000, 0x0000, 0x0000, 0x0000, 0x0000, 0x0000, 0x0000, 0x0000, 0x0000, 0x0000, 0x0000,
    0x0000, 0x0000, 0x0000, 0x0000, 0x0000, 0x0000, 0x0000, 0x0000, 0x0000, 0x0000, 0x0000, 0x0000,
    0x0000, 0x0000, 0x0000, 0x0000, 0x0000, 0x0000, 0x0000, 0x0000, 0x0000, 0x0000, 0x0000, 0x0000,
    0x0000, 0x0000, 0x0000, 0x0000, 0x0000, 0x0000, 0x0000, 0x0000, 0x0000, 0x0000, 0x0000, 0x0000,
    0x0000, 0x0000, 0x0000, 0x0000, 0x0000, 0x0000, 0x0000, 0x0000, 0x0000, 0x2068, 0x7131, 0xE59E,
    0xA27C, 0x909C, 0xB99E, 0x705B, 0x707A, 0x6879, 0x6879, 0x6879, 0x6879, 0x6879, 0x6879, 0x6879,
    0x6879, 0x6859, 0x7079, 0x7079, 0x6819, 0x6819, 0x791A, 0xA2BC, 0xBB7C, 0xC29B, 0x98D4, 0x480A,
    0x0000, 0x0000, 0x0000, 0x0000, 0x60D2, 0x386B, 0x0000, 0x282B, 0x302C, 0x0000, 0x302B, 0x90F8,
    0x68F5, 0x50D0, 0x48AF, 0x488F, 0x5090, 0x508F, 0x5890, 0x6090, 0x70B1, 0x88B3, 0xA8D5, 0xD137,
    0xE199, 0xF31C, 0xC214, 0x1805, 0x28A9, 0xAAF7, 0x58EB, 0x0000, 0x0000, 0x0000, 0x0000, 0x0000,
    0x0000, 0x0000, 0x0000, 0x0000, 0x0000, 0x0000, 0x0000, 0x8110, 0xC4BB, 0x785C, 0x90BE, 0x909E,
    0x889D, 0x787C, 0x787B, 0x789B, 0x68B9, 0x681B, 0x705C, 0x785C, 0x88FC, 0xE57F, 0xA27A, 0x0000,
    0x0000, 0x3048, 0x2845, 0x0000, 0x0000, 0x0000, 0x0000, 0x0000, 0x0000, 0x0000, 0x0000, 0x0000,
    0x0000, 0x0000, 0x0000, 0x0000, 0x0000, 0x0000, 0x0000, 0x0000, 0x0000, 0x0000, 0x0000, 0x0000,
    0x0000, 0x0000, 0x0000, 0x0000, 0x0000, 0x0000, 0x0000, 0x0000, 0x0000, 0x0000, 0x0000, 0x0000,
    0x0000, 0x0000, 0x0000, 0x0000, 0x0000, 0x0000, 0x0000, 0x0000, 0x0000, 0x0000, 0x0000, 0x0000,
    0x0000, 0x0000, 0x0000, 0x0000, 0x0000, 0x0000, 0x0000, 0x0000, 0x0000, 0x0000, 0x0000, 0x0000,
    0x3026, 0x3827, 0x2025, 0x4088, 0x790D, 0x688B, 0x5808, 0x5008, 0x48A8, 0x0000, 0x0000, 0x0000,
    0x612E, 0x5090, 0xC37B, 0xFE7F, 0xA1BD, 0xA0FE, 0x98DC, 0x687A, 0x6879, 0x6879, 0x6879, 0x6879,
    0x6879, 0x6878, 0x6878, 0x6879, 0x6879, 0x6859, 0x6019, 0x6859, 0x89BB, 0xB37D, 0xB3BC, 0x8216,
    0x584F, 0x2807, 0x0000, 0x0000, 0x0000, 0x0000, 0x1026, 0x2849, 0x388A, 0x0000, 0x0000, 0x0000,
    0x402F, 0x280D, 0x1827, 0x0000, 0x0000, 0x0000, 0x0000, 0x0000, 0x0000, 0x0000, 0x0000, 0x0000,
    0x0000, 0x0000, 0x0000, 0x3006, 0x3847, 0x4889, 0x1806, 0x414C, 0xB476, 0x3947, 0x0000, 0x0000,
    0x0000, 0x0000, 0x0000, 0x0000, 0x0000, 0x0000, 0x0000, 0x0000, 0x0000, 0x0000, 0x0000, 0x9A35,
    0xCC3D, 0x989E, 0x98BE, 0x807D, 0x787C, 0x707B, 0x707B, 0x787B, 0x787C, 0x78BB, 0x785C, 0x90FD,
    0xE57F, 0x9A5A, 0x0000, 0x0000, 0x2027, 0x2045, 0x0000, 0x0000, 0x0000, 0x0000, 0x0000, 0x4027,
    0x4027, 0x5029, 0x5028, 0x686A, 0x68AB, 0x78ED, 0x4088, 0x0000, 0x2025, 0x2025, 0x2826, 0x2826,
    0x0000, 0x0000, 0x0000, 0x0000, 0x0000, 0x0000, 0x0000, 0x0000, 0x0000, 0x0000, 0x0000, 0x0000,
    0x0000, 0x0000, 0x0000, 0x0000, 0x0000, 0x0000, 0x0000, 0x0000, 0x0000, 0x0000, 0x0000, 0x0000,
    0x0000, 0x0000, 0x0000, 0x0000, 0x0000, 0x0000, 0x0000, 0x0000, 0x0000, 0x0000, 0x0000, 0x0000,
    0x0000, 0x0000, 0x0000, 0x0000, 0x0000, 0x604A, 0x3006, 0x0000, 0xB0F2, 0xF878, 0xE8B5, 0xF319,
    0x794D, 0x0000, 0x0000, 0x30E7, 0x7935, 0x5012, 0xD49E, 0xC25E, 0xC0DF, 0x889D, 0x6059, 0x6879,
    0x6878, 0x6878, 0x6878, 0x6878, 0x6878, 0x6878, 0x6878, 0x6038, 0x6018, 0x70B9, 0x9A7C, 0xBBDE,
    0xB35C, 0x6954, 0x280A, 0x0000, 0x0000, 0x0000, 0x0000, 0x2008, 0x1828, 0x0000, 0x0000, 0x0000,
    0x0000, 0x0000, 0x0000, 0x0000, 0x0000, 0x4832, 0x202B, 0x1808, 0x1808, 0x1008, 0x1807, 0x1007,
    0x1007, 0x1007, 0x0000, 0x0000, 0x0000, 0x0000, 0x0000, 0x0000, 0x0000, 0x0000, 0x6A10, 0xAC56,
    0x20E4, 0x0000, 0x0000, 0x0000, 0x0000, 0x0000, 0x0000, 0x0000, 0x0000, 0x0000, 0x0000, 0x0000,
    0x0000, 0x0000, 0x1006, 0xBC1A, 0xFD7F, 0xB09E, 0x801D, 0x787C, 0x707B, 0x707B, 0x707B, 0x707B,
    0x789B, 0x783C, 0x995D, 0xF59F, 0x9A3A, 0x0000, 0x0000, 0x1826, 0x0000, 0x0000, 0x0000, 0x0000,
    0x0000, 0x0000, 0x0000, 0x0000, 0x5028, 0xB010, 0xC832, 0xF856, 0xF858, 0xB891, 0x0000, 0x0000,
    0x0000, 0x0000, 0x3829, 0x0000, 0x0000, 0x0000, 0x0000, 0x0000, 0x0000, 0x0000, 0x0000, 0x0000,
    0x0000, 0x0000, 0x0000, 0x0000, 0x0000, 0x0000, 0x0000, 0x0000, 0x0000, 0x0000, 0x0000, 0x0000,
    0x0000, 0x0000, 0x0000, 0x0000, 0x0000, 0x0000, 0x0000, 0x0000, 0x0000, 0x0000, 0x0000, 0x0000,
    0x0000, 0x0000, 0x0000, 0x0000, 0x0000, 0x5109, 0x89AE, 0x91CF, 0x48A8, 0x0000, 0x3026, 0x0000,
    0x0000, 0x912F, 0xFDFD, 0xFC1B, 0x4807, 0x0000, 0x0000, 0x8194, 0x3811, 0xA379, 0xC3BD, 0xB8DF,
    0xA91D, 0x6879, 0x6879, 0x6878, 0x6078, 0x6078, 0x6078, 0x6878, 0x6078, 0x6018, 0x6038, 0x795A,
    0xAB1C, 0xBBDD, 0x9A9A, 0x50B1, 0x1808, 0x0000, 0x0000, 0x0000, 0x1807, 0x282B, 0x302C, 0x2028,
    0x0000, 0x0000, 0x0000, 0x0000, 0x0000, 0x0000, 0x0000, 0x0000, 0x0000, 0x1826, 0x4050, 0x382F,
    0x382F, 0x382F, 0x382F, 0x382F, 0x302E, 0x302D, 0x282A, 0x1829, 0x1828, 0x2028, 0x282A, 0x382D,
    0x4030, 0x70D2, 0x8A91, 0x0000, 0x0000, 0x0000, 0x0000, 0x0000, 0x0000, 0x0000, 0x0000, 0x0000,
    0x0000, 0x0000, 0x0000, 0x0000, 0x0000, 0x0000, 0x48CD, 0xCB7E, 0xC47C, 0xCC1D, 0x999D, 0x701C,
    0x681A, 0x707B, 0x707B, 0x709B, 0x785C, 0xA17D, 0xF5BF, 0x9A39, 0x0000, 0x0000, 0x1026, 0x0000,
    0x0000, 0x0000, 0x0000, 0x0000, 0x0000, 0x0000, 0x0000, 0x3026, 0xA00F, 0xB010, 0xE033, 0xF035,
    0x882C, 0x0000, 0x0000, 0x0000, 0x0000, 0x2847, 0x0000, 0x5149, 0x9270, 0x820E, 0x48E8, 0x0000,
    0x0000, 0x0000, 0x0000, 0x0000, 0x0000, 0x0000, 0x0000, 0x0000, 0x0000, 0x0000, 0x0000, 0x0000,
    0x0000, 0x0000, 0x0000, 0x0000, 0x0000, 0x0000, 0x0000, 0x0000, 0x0000, 0x0000, 0x0000, 0x0000,
    0x0000, 0x0000, 0x0000, 0x0000, 0x0000, 0x0000, 0x0000, 0x0000, 0x0000, 0x890E, 0xFA7B, 0xFA1A,
    0x706B, 0x0000, 0x0000, 0x0000, 0x0000, 0x8B30, 0xFFFF, 0xF278, 0x3806, 0x0000, 0x612F, 0x6056,
    0x6995, 0xBC7C, 0xA09D, 0xB0FF, 0x7079, 0x6079, 0x6878, 0x6078, 0x6078, 0x6078, 0x6058, 0x6018,
    0x6879, 0x921B, 0xB3BD, 0xB3BC, 0x81F7, 0x382D, 0x0000, 0x0000, 0x0000, 0x0000, 0x302C, 0x4850,
    0x302C, 0x1806, 0x0000, 0x0000, 0x0000, 0x0000, 0x0000, 0x0000, 0x0000, 0x0000, 0x0000, 0x0000,
    0x0000, 0x0000, 0x0000, 0x0000, 0x0000, 0x0000, 0x0000, 0x0000, 0x0000, 0x0000, 0x0000, 0x0000,
    0x0000, 0x0000, 0x0000, 0x0000, 0x0000, 0x0000, 0x0000, 0x0000, 0x0000, 0x0000, 0x0000, 0x0000,
    0x0000, 0x0000, 0x0000, 0x0000, 0x0000, 0x0000, 0x0000, 0x0000, 0x0000, 0x0000, 0x30A9, 0x280A,
    0x200A, 0x5152, 0x9B99, 0xB3BC, 0x91DC, 0x783C, 0x701C, 0x803C, 0xA19D, 0xF5FF, 0xA219, 0x0000,
    0x0000, 0x0000, 0x0000, 0x0000, 0x0000, 0x0000, 0x0000, 0x0000, 0x0000, 0x0000, 0x3826, 0xA00F,
    0xC031, 0xD854, 0xF856, 0x702B, 0x0000, 0x0000, 0x0000, 0x0000, 0x38A9, 0x3888, 0x0000, 0x816D,
    0xFB5B, 0xFAFC, 0x78EC, 0x0000, 0x0000, 0x0000, 0x0000, 0x0000, 0x0000, 0x0000, 0x0000, 0x0000,
    0x0000, 0x0000, 0x0000, 0x0000, 0x0000, 0x0000, 0x0000, 0x0000, 0x0000, 0x0000, 0x0000, 0x0000,
    0x0000, 0x0000, 0x0000, 0x0000, 0x0000, 0x0000, 0x0000, 0x0000, 0x0000, 0x0000, 0x0000, 0x0000,
    0x0000, 0x0000, 0xB111, 0xB0B1, 0x0000, 0x0000, 0x0000, 0x0000, 0x4088, 0xF55C, 0xFC9C, 0xA8F1,
    0x0000, 0x3086, 0x8917, 0x5035, 0xB41B, 0x80FB, 0xA09E, 0x789A, 0x6078, 0x6878, 0x6878, 0x6078,
    0x6038, 0x6018, 0x70D9, 0xA2DC, 0xBC1D, 0xA31A, 0x5913, 0x2009, 0x0000, 0x0000, 0x0000, 0x1827,
    0x486E, 0x5871, 0x404D, 0x0000, 0x0000, 0x0000, 0x0000, 0x0000, 0x0000, 0x0000, 0x0000, 0x0000,
    0x0000, 0x0000, 0x0000, 0x0000, 0x0000, 0x0000, 0x0000, 0x0000, 0x0000, 0x0000, 0x0000, 0x0000,
    0x0000, 0x0000, 0x0000, 0x0000, 0x0000, 0x0000, 0x0000, 0x0000, 0x0000, 0x0000, 0x0000, 0x0000,
    0x0000, 0x0000, 0x0000, 0x0000, 0x0000, 0x0000, 0x0000, 0x0000, 0x0000, 0x0000, 0x0000, 0x0000,
    0x2008, 0x180A, 0x0807, 0x0000, 0x0000, 0x0000, 0x1809, 0x4910, 0x9339, 0xBBFD, 0xAA1E, 0xC25E,
    0xFDBF, 0xAA59, 0x0000, 0x0000, 0x0000, 0x0000, 0x0000, 0x0000, 0x3847, 0x0000, 0x0000, 0x0000,
    0x0000, 0x5028, 0xB011, 0xB031, 0xF897, 0xF8B8, 0x604A, 0x0000, 0x0000, 0x0000, 0x0000, 0x518C,
    0x614F, 0x0000, 0x0000, 0x0000, 0xB993, 0xA111, 0x0000, 0x0000, 0x0000, 0x0000, 0x0000, 0x0000,
    0x0000, 0x0000, 0x0000, 0x0000, 0x0000, 0x0000, 0x0000, 0x0000, 0x0000, 0x0000, 0x0000, 0x0000,
    0x0000, 0x0000, 0x0000, 0x0000, 0x0000, 0x0000, 0x0000, 0x0000, 0x0000, 0x0000, 0x0000, 0x0000,
    0x0000, 0x4188, 0x518A, 0xCAB5, 0x3866, 0x0000, 0x0000, 0x0000, 0x0000, 0x0000, 0x0000, 0x0000,
    0xC315, 0xFBBC, 0xB071, 0x0000, 0x0000, 0x9176, 0x5015, 0x92B9, 0x89FA, 0x781D, 0x809B, 0x6078,
    0x6878, 0x6878, 0x6018, 0x6019, 0x815A, 0xB37D, 0xBC3D, 0x9298, 0x408F, 0x1006, 0x0000, 0x0000,
    0x0000, 0x308A, 0x60F1, 0x60D0, 0x3049, 0x0000, 0x0000, 0x0000, 0x0000, 0x0000, 0x0000, 0x0000,
    0x0000, 0x0000, 0x0000, 0x0000, 0x1902, 0x2142, 0x2983, 0x31C4, 0x39E5, 0x31C4, 0x2162, 0x2162,
    0x2182, 0x2182, 0x2182, 0x29A2, 0x29A2, 0x29A2, 0x29A2, 0x21A2, 0x2182, 0x2182, 0x2182, 0x2182,
    0x2182, 0x2182, 0x29A2, 0x39E4, 0x39E5, 0x39E6, 0x39E6, 0x39E6, 0x39E5, 0x29A4, 0x2163, 0x1922,
    0x0000, 0x0000, 0x0000, 0x0000, 0x7A53, 0x6132, 0x404E, 0x282B, 0x1807, 0x0000, 0x0000, 0x0000,
    0x1809, 0x50F3, 0xBB3C, 0xFE3F, 0xCA9B, 0x0000, 0x0000, 0x0000, 0x0000, 0x0000, 0x0000, 0x500A,
    0xC938, 0x2047, 0x0000, 0x0000, 0x5829, 0xB811, 0xC833, 0xF897, 0xF0B7, 0x5048, 0x0000, 0x0000,
    0x0000, 0x0000, 0x620F, 0x8A55, 0x0000, 0x0000, 0x0000, 0x0000, 0x0000, 0x0000, 0x0000, 0x48E8,
    0xCB56, 0x5149, 0x3947, 0x0000, 0x0000, 0x0000, 0x0000, 0x0000, 0x0000, 0x0000, 0x0000, 0x0000,
    0x0000, 0x0000, 0x0000, 0x0000, 0x0000, 0x0000, 0x0000, 0x0000, 0x0000, 0x0000, 0x0000, 0x0000,
    0x0000, 0x0000, 0x0000, 0x0000, 0x2845, 0xFABA, 0xFAF9, 0xFA1A, 0x5848, 0x0000, 0x0000, 0x0000,
    0x0000, 0x0000, 0x0000, 0x618C, 0xFBBC, 0xC913, 0x0000, 0x0000, 0x50AD, 0x6856, 0x7176, 0x9AD9,
    0x681A, 0x90DC, 0x709A, 0x6858, 0x6018, 0x6819, 0x921B, 0xC45F, 0xC49D, 0x7A56, 0x302C, 0x0000,
    0x0000, 0x0000, 0x0000, 0x48ED, 0x7992, 0x694F, 0x2867, 0x0000, 0x0000, 0x0000, 0x0000, 0x0000,
    0x0000, 0x0000, 0x0000, 0x0000, 0x0000, 0x0000, 0x0000, 0x0000, 0x0000, 0x0000, 0x0000, 0x0000,
    0x18E3, 0x0000, 0x0000, 0x0000, 0x0000, 0x0000, 0x0000, 0x0000, 0x0000, 0x0000, 0x0000, 0x0000,
    0x0000, 0x0000, 0x0000, 0x0000, 0x0000, 0x0000, 0x0000, 0x18E2, 0x18E3, 0x18E3, 0x18E3, 0x18E3,
    0x18E3, 0x0000, 0x0000, 0x0000, 0x0000, 0x0000, 0x0000, 0x0000, 0x20C4, 0x2085, 0x0000, 0x1826,
    0x302C, 0x302C, 0x1807, 0x0000, 0x0000, 0x0000, 0x500E, 0xC1F9, 0x3048, 0x0000, 0x0000, 0x0000,
    0x0000, 0x0000, 0x3807, 0xE87A, 0xCAF9, 0x304A, 0x1806, 0x3826, 0xD033, 0xA810, 0xE035, 0xE8B6,
    0x3847, 0x0000, 0x0000, 0x0000, 0x0000, 0x7A73, 0xBAFB, 0x0000, 0x0000, 0x0000, 0x0000, 0x0000,
    0x0000, 0x0000, 0x0000, 0x68EC, 0xFAFB, 0xFB59, 0xFA99, 0x2024, 0x0000, 0x0000, 0x0000, 0x0000,
    0x0000, 0x0000, 0x0000, 0x0000, 0x0000, 0x0000, 0x0000, 0x0000, 0x0000, 0x0000, 0x0000, 0x0000,
    0x0000, 0x0000, 0x0000, 0x0000, 0x0000, 0x0000, 0x0000, 0x0000, 0x0000, 0x982E, 0xF998, 0xE135,
    0x0000, 0x0000, 0x0000, 0x0000, 0x0000, 0x0000, 0x0000, 0xEA98, 0xD1B4, 0x2004, 0x0000, 0x0000,
    0x6893, 0x4871, 0xABDB, 0x709A, 0x90DD, 0x789A, 0x6019, 0x6839, 0x9A5C, 0xD4DF, 0xC47D, 0x69D3,
    0x2009, 0x0000, 0x0000, 0x0000, 0x2068, 0x614F, 0x79B1, 0x512C, 0x0000, 0x0000, 0x0000, 0x0000,
    0x0000, 0x2824, 0x0000, 0x0000, 0x0000, 0x0000, 0x0000, 0x0000, 0x0000, 0x0000, 0x0000, 0x0000,
    0x0000, 0x0000, 0x0000, 0x0000, 0x0000, 0x0000, 0x0000, 0x0000, 0x0000, 0x0000, 0x0000, 0x0000,
    0x0000, 0x0000, 0x0000, 0x0000, 0x0000, 0x0000, 0x0000, 0x0000, 0x0000, 0x0000, 0x0000, 0x0000,
    0x0000, 0x0000, 0x0000, 0x0000, 0x0000, 0x0000, 0x0000, 0x0000, 0x0000, 0x0000, 0x0000, 0x0000,
    0x0000, 0x0000, 0x0000, 0x0000, 0x0000, 0x0000, 0x282A, 0x282B, 0x1807, 0x0000, 0x0000, 0x1847,
    0x1006, 0x2029, 0x0000, 0x0000, 0x0000, 0x3828, 0xD959, 0xF99D, 0xD2FA, 0x384B, 0x582F, 0x4089,
    0x700B, 0xD814, 0xC032, 0x3025, 0x0000, 0x0000, 0x0000, 0x0000, 0x9B75, 0xDADF, 0x1865, 0x0000,
    0x0000, 0x0000, 0x0000, 0x0000, 0x0000, 0x0000, 0x0000, 0x0000, 0xF217, 0xFA39, 0x906E, 0x0000,
    0x0000, 0x0000, 0x0000, 0x0000, 0x0000, 0x0000, 0x0000, 0x0000, 0x0000, 0x0000, 0x0000, 0x0000,
    0x0000, 0x0000, 0x0000, 0x0000, 0x0000, 0x0000, 0x0000, 0x0000, 0x0000, 0x0000, 0x0000, 0x0000,
    0x0000, 0x0000, 0x5028, 0x604A, 0x0000, 0x0000, 0x0000, 0x0000, 0x0000, 0x0000, 0x914F, 0xFA59,
    0x3025, 0x0000, 0x0000, 0x58CF, 0x4011, 0xA3B9, 0x89DA, 0x889D, 0x785B, 0x6819, 0x9A7C, 0xDD5F,
    0xBCDC, 0x59B1, 0x1007, 0x0000, 0x0000, 0x0000, 0x306A, 0x6970, 0x79B1, 0x38C8, 0x0000, 0x0000,
    0x0000, 0x0000, 0x4848, 0x5048, 0x2824, 0x0000, 0x0000, 0x0000, 0x0000, 0x0000, 0x0000, 0x0000,
    0x0000, 0x0000, 0x0000, 0x0000, 0x0000, 0x0000, 0x0000, 0x0000, 0x0000, 0x0000, 0x0000, 0x0000,
    0x0000, 0x0000, 0x0000, 0x0000, 0x0000, 0x0000, 0x0000, 0x0000, 0x0000, 0x0000, 0x0000, 0x0000,
    0x0000, 0x0000, 0x0000, 0x0000, 0x0000, 0x0000, 0x0000, 0x0000, 0x0000, 0x0000, 0x0000, 0x0000,
    0x0000, 0x0000, 0x0000, 0x0000, 0x0000, 0x0000, 0x0000, 0x0000, 0x0000, 0x0000, 0x0000, 0x0000,
    0x1807, 0x282B, 0x200A, 0x388B, 0x506E, 0x0000, 0x0000, 0x0000, 0x3006, 0xD858, 0xFABE, 0xFBFF,
    0xDB5B, 0x2849, 0x580F, 0xDB3B, 0x494A, 0x700B, 0x3026, 0x0000, 0x0000, 0x0000, 0x1865, 0x9258,
    0xE33F, 0x48ED, 0x0000, 0x280B, 0x1006, 0x0000, 0x0000, 0x0000, 0x0000, 0x0000, 0x0000, 0x0000,
    0x686B, 0x4027, 0x0000, 0x0000, 0x0000, 0x0000, 0x0000, 0x0000, 0x0000, 0x0000, 0x0000, 0x0000,
    0x0000, 0x0000, 0x0000, 0x0000, 0x0000, 0x0000, 0x0000, 0x0000, 0x0000, 0x0000, 0x0000, 0x0000,
    0x0000, 0x0000, 0x0000, 0x0000, 0x0000, 0x0000, 0x0000, 0x0000, 0x0000, 0x0000, 0x0000, 0x0000,
    0x0000, 0x3866, 0xFA59, 0x68CA, 0x0000, 0x0000, 0x408A, 0x4811, 0x7253, 0xB37C, 0x781C, 0x781B,
    0x9A3C, 0xE59F, 0xC53C, 0x59D0, 0x0000, 0x0000, 0x0000, 0x0000, 0x202A, 0x486F, 0x58CD, 0x2065,
    0x0000, 0x0000, 0x0000, 0x2825, 0x784C, 0x704B, 0x3025, 0x0000, 0x0000, 0x0000, 0x0000, 0x0000,
    0x0000, 0x0000, 0x0000, 0x4869, 0x2846, 0x0000, 0x0000, 0x0000, 0x1901, 0x6CC2, 0x6C81, 0x74C1,
    0x6CA2, 0x0000, 0x4B41, 0x74C2, 0x6C82, 0x7502, 0x2161, 0x1901, 0x74C2, 0x6C82, 0x74E1, 0x5381,
    0x0000, 0x7502, 0x7D22, 0x7502, 0x74C2, 0x0000, 0x5362, 0x0000, 0x0000, 0x3A81, 0x21A1, 0x3222,
    0x8582, 0x74C2, 0x7D42, 0x4B42, 0x0000, 0x0000, 0x0000, 0x3827, 0x3848, 0x0000, 0x0000, 0x0000,
    0x0000, 0x0000, 0x0000, 0x0000, 0x0000, 0x0000, 0x1807, 0x60B2, 0x48AA, 0x0000, 0x0000, 0x506A,
    0xE97B, 0xFADE, 0xEB5D, 0xE3BC, 0xD43A, 0x7171, 0x8015, 0xF39F, 0xE49C, 0x3067, 0x1805, 0x0000,
    0x0000, 0x0000, 0x304B, 0x783B, 0x68F3, 0x0000, 0x280C, 0x200A, 0x302D, 0x2047, 0x0000, 0x0000,
    0x0000, 0x0000, 0x0000, 0x0000, 0x0000, 0x0000, 0x0000, 0x0000, 0x0000, 0x0000, 0x0000, 0x0000,
    0x0000, 0x0000, 0x0000, 0x0000, 0x0000, 0x0000, 0x0000, 0x0000, 0x0000, 0x0000, 0x0000, 0x0000,
    0x0000, 0x0000, 0x0000, 0x0000, 0x0000, 0x0000, 0x0000, 0x0000, 0x0000, 0x0000, 0x0000, 0x0000,
    0x0000, 0x0000, 0x0000, 0x0000, 0x0000, 0xC9D5, 0xA931, 0x0000, 0x0000, 0x0000, 0x5831, 0x5931,
    0xC47C, 0x883C, 0x99BD, 0xD53F, 0xDDBE, 0x6A51, 0x0000, 0x0000, 0x0000, 0x0000, 0x1829, 0x282B,
    0x2028, 0x0000, 0x0000, 0x0000, 0x0000, 0x2825, 0x5048, 0x5848, 0x4027, 0x2005, 0x2004, 0x3807,
    0x3827, 0x0000, 0x0000, 0x0000, 0x0000, 0x0000, 0x48A9, 0xE45A, 0xCBB8, 0x3066, 0x0000, 0x0000,
    0x3241, 0x85A2, 0x5361, 0x5C01, 0x9E82, 0x0000, 0x6C82, 0x6421, 0x5361, 0x9EA2, 0x42C1, 0x0000,
    0x5BC1, 0x5381, 0x6CA1, 0x7522, 0x29E1, 0x7D42, 0x0000, 0x1901, 0x85C2, 0x2161, 0x9663, 0x42E1,
    0x3241, 0x8E01, 0x29E2, 0x6CC1, 0x4301, 0x0000, 0x4B41, 0x6CC1, 0x0000, 0x0000, 0x40C8, 0xD479,
    0xD2D8, 0x3847, 0x0000, 0x0000, 0x0000, 0x0000, 0x0000, 0x0000, 0x0000, 0x0000, 0x0000, 0x0000,
    0x0000, 0x0000, 0x0000, 0x50CA, 0x91F4, 0x8975, 0x70D4, 0x6053, 0x7013, 0xB99A, 0xEB1E, 0xF49E,
    0xFEFF, 0xDBDB, 0x3848, 0x0000, 0x0000, 0x0000, 0x0000, 0x0000, 0x0000, 0x0000, 0x282D, 0x382E,
    0x382E, 0x8138, 0x20E5, 0x0000, 0x0000, 0x0000, 0x0000, 0x0000, 0x0000, 0x0000, 0x0000, 0x0000,
    0x0000, 0x0000, 0x0000, 0x0000, 0x0000, 0x0000, 0x0000, 0x0000, 0x0000, 0x0000, 0x0000, 0x0000,
    0x0000, 0x0000, 0x0000, 0x0000, 0x0000, 0x0000, 0x0000, 0x0000, 0x0000, 0x0000, 0x0000, 0x0000,
    0x0000, 0x0000, 0x0000, 0x0000, 0x0000, 0x0000, 0x0000, 0x0000, 0x694C, 0xDA37, 0x0000, 0x0000,
    0x0000, 0x586D, 0x4830, 0xC4DB, 0xB1FD, 0xD3DE, 0xF6BF, 0x9BB7, 0x1807, 0x0000, 0x0000, 0x1026,
    0x1828, 0x1027, 0x0000, 0x0000, 0x0000, 0x0000, 0x0000, 0x0000, 0x2825, 0x2824, 0x0000, 0x0000,
    0x0000, 0x0000, 0x682A, 0xD032, 0xC011, 0x5828, 0x0000, 0x0000, 0x0000, 0x0000, 0x70CD, 0xFC9D,
    0xDB19, 0x4888, 0x0000, 0x0000, 0x6441, 0x8582, 0x5BA1, 0xAF41, 0x3241, 0x0000, 0x9EC2, 0x5361,
    0x5361, 0x4B41, 0x0000, 0x6442, 0x7DA1, 0x5C02, 0x74C2, 0x1920, 0x42C1, 0x74A2, 0x0000, 0x1941,
    0x8DE3, 0x0000, 0x42C1, 0x5BC1, 0x53A2, 0x9EE2, 0x1920, 0x7D61, 0x3201, 0x0000, 0x5C01, 0x5C01,
    0x0000, 0x0000, 0x590B, 0xEC5B, 0xEAFA, 0x586B, 0x0000, 0x0000, 0x0000, 0x0000, 0x5028, 0x600A,
    0x4807, 0x0000, 0x0000, 0x0000, 0x0000, 0x0000, 0x0000, 0x0000, 0x0000, 0x1807, 0x580F, 0xA858,
    0xD0BB, 0xE05B, 0xF3DD, 0xFEBF, 0xFFFF, 0xFDFF, 0xC138, 0x3067, 0x2006, 0x0000, 0x0000, 0x0000,
    0x0000, 0x0000, 0x0000, 0x4830, 0x807C, 0xA11F, 0x9298, 0x1865, 0x0000, 0x0000, 0x0000, 0x0000,
    0x0000, 0x0000, 0x0000, 0x0000, 0x0000, 0x0000, 0x0000, 0x0000, 0x0000, 0x0000, 0x0000, 0x0000,
    0x0000, 0x0000, 0x0000, 0x0000, 0x0000, 0x0000, 0x0000, 0x0000, 0x0000, 0x0000, 0x0000, 0x0000,
    0x0000, 0x0000, 0x0000, 0x0000, 0x0000, 0x0000, 0x0000, 0x0000, 0x0000, 0x0000, 0x0000, 0x0000,
    0xD316, 0x3846, 0x0000, 0x0000, 0x4089, 0x480E, 0xA3B8, 0xD45E, 0xEDBF, 0xDE1D, 0x414C, 0x0000,
    0x0000, 0x1026, 0x282A, 0x1827, 0x0000, 0x0000, 0x0000, 0x0000, 0x0000, 0x21A1, 0x3AE0, 0x42A1,
    0x0000, 0x0000, 0x0000, 0x0000, 0x0000, 0x0000, 0x0000, 0x902D, 0xE034, 0xE035, 0x888E, 0x0000,
    0x0000, 0x0000, 0x0000, 0x68AC, 0x3847, 0x0000, 0x0000, 0x0000, 0x4B62, 0x2181, 0x0000, 0x4301,
    0x3221, 0x0000, 0x5382, 0x0000, 0x0000, 0x0000, 0x0000, 0x5BE2, 0x74E1, 0x5C21, 0x6CC2, 0x2182,
    0x29A1, 0x7D61, 0x6CA1, 0x7521, 0x5C02, 0x0000, 0x0000, 0x0000, 0x0000, 0x5BE2, 0x0000, 0x5C02,
    0x7D42, 0x6CC1, 0x7D62, 0x29C2, 0x0000, 0x0000, 0x0000, 0x588A, 0x608B, 0x0000, 0x0000, 0x0000,
    0x0000, 0x988F, 0xE055, 0xE075, 0x602A, 0x0000, 0x0000, 0x0000, 0x0000, 0x0000, 0x0000, 0x0000,
    0x5364, 0x29C1, 0x0000, 0x3888, 0xA9F5, 0xFABD, 0xFADE, 0xF3BD, 0xFF1F, 0xF7DE, 0xFB5F, 0xC1F8,
    0x2887, 0x0000, 0x0000, 0x0000, 0x0000, 0x0000, 0x0000, 0x0000, 0x300D, 0x98BA, 0xEADF, 0xA3B7,
    0x1806, 0x0000, 0x0000, 0x0000, 0x0000, 0x0000, 0x0000, 0x0000, 0x0000, 0x0000, 0x0000, 0x0000,
    0x0000, 0x0000, 0x0000, 0x0000, 0x0000, 0x0000, 0x0000, 0x0000, 0x0000, 0x0000, 0x0000, 0x0000,
    0x0000, 0x0000, 0x0000, 0x0000, 0x0000, 0x0000, 0x0000, 0x0000, 0x0000, 0x0000, 0x0000, 0x0000,
    0x0000, 0x0000, 0x0000, 0x9311, 0x690B, 0x0000, 0x0000, 0x3067, 0x602F, 0x7233, 0xEE7E, 0xF6BF,
    0xAC59, 0x1006, 0x0000, 0x1827, 0x302D, 0x2829, 0x0000, 0x0000, 0x0000, 0x0000, 0x0000, 0x0000,
    0x0000, 0x73A9, 0xD770, 0xD7F1, 0x9CEF, 0x0000, 0x0000, 0x0000, 0x0000, 0x0000, 0x0000, 0x0000,
    0x806C, 0xF959, 0xF97A, 0xA1B1, 0x0000, 0x0000, 0x0000, 0x0000, 0x0000, 0x0000, 0x0000, 0x0000,
    0x0000, 0x0000, 0x0000, 0x0000, 0x0000, 0x0000, 0x0000, 0x0000, 0x0000, 0x0000, 0x0000, 0x0000,
    0x0000, 0x0000, 0x0000, 0x0000, 0x0000, 0x0000, 0x0000, 0x0000, 0x0000, 0x0000, 0x0000, 0x0000,
    0x0000, 0x0000, 0x0000, 0x0000, 0x0000, 0x0000, 0x0000, 0x0000, 0x0000, 0x0000, 0x0000, 0x0000,
    0x0000, 0x0000, 0x0000, 0x0000, 0xB233, 0xF95A, 0xF959, 0x788C, 0x0000, 0x0000, 0x0000, 0x0000,
    0x0000, 0x0000, 0x3166, 0xB614, 0xDFF1, 0xD772, 0x51A9, 0x0000, 0x0000, 0x40E9, 0xB276, 0xFCFF,
    0xFD3F, 0xFE5E, 0xFFBE, 0xFBDF, 0xA9B5, 0x2065, 0x1805, 0x0000, 0x0000, 0x0000, 0x0000, 0x0000,
    0x0000, 0x2026, 0x9935, 0xFDFF, 0xA496, 0x0000, 0x0000, 0x0000, 0x0000, 0x0000, 0x0000, 0x0000,
    0x0000, 0x0000, 0x0000, 0x0000, 0x0000, 0x0000, 0x0000, 0x0000, 0x0000, 0x0000, 0x0000, 0x0000,
    0x0000, 0x0000, 0x0000, 0x0000, 0x0000, 0x0000, 0x0000, 0x0000, 0x0000, 0x0000, 0x0000, 0x0000,
    0x0000, 0x0000, 0x0000, 0x0000, 0x0000, 0x0000, 0x3948, 0x7A0D, 0x0000, 0x0000, 0x0000, 0x70AF,
    0x58D1, 0xEF5E, 0xF6FF, 0x7293, 0x0000, 0x0000, 0x284B, 0x304C, 0x0000, 0x0000, 0x0000, 0x0000,
    0x0000, 0x0000, 0x0000, 0x0000, 0x2045, 0x2046, 0x8A4F, 0xEEB6, 0xF7F8, 0xB614, 0x20C6, 0x0000,
    0x0000, 0x2866, 0x0000, 0x0000, 0x0000, 0x690C, 0xF9D8, 0xF9BA, 0xBA73, 0x0000, 0x0000, 0x0000,
    0x0000, 0x0000, 0x0000, 0x0000, 0x0000, 0x0000, 0x0000, 0x0000, 0x0000, 0x0000, 0x0000, 0x0000,
    0x0000, 0x0000, 0x0000, 0x0000, 0x0000, 0x0000, 0x0000, 0x4128, 0x4148, 0x0000, 0x0000, 0x0000,
    0x0000, 0x0000, 0x0000, 0x0000, 0x0000, 0x0000, 0x0000, 0x0000, 0x0000, 0x0000, 0x0000, 0x0000,
    0x0000, 0x0000, 0x0000, 0x0000, 0x0000, 0x0000, 0x18E4, 0xCAF5, 0xFA3B, 0xF1D8, 0x58A9, 0x0000,
    0x0000, 0x0000, 0x0000, 0x0000, 0x0000, 0x4209, 0xCF35, 0xFFFA, 0xEDB9, 0x618C, 0x3008, 0x2826,
    0x0000, 0x0000, 0x0000, 0x59CC, 0xCB19, 0xF29F, 0xFBFF, 0xF67E, 0xF3BE, 0x9955, 0x1825, 0x0000,
    0x0000, 0x0000, 0x0000, 0x0000, 0x0000, 0x0000, 0x1806, 0x6991, 0xDD5C, 0x7A31, 0x0000, 0x0000,
    0x0000, 0x0000, 0x0000, 0x0000, 0x0000, 0x0000, 0x0000, 0x0000, 0x0000, 0x0000, 0x0000, 0x0000,
    0x0000, 0x0000, 0x0000, 0x0000, 0x0000, 0x0000, 0x0000, 0x0000, 0x0000, 0x0000, 0x0000, 0x0000,
    0x0000, 0x0000, 0x0000, 0x0000, 0x0000, 0x0000, 0x0000, 0x0000, 0x0000, 0x0000, 0x59CB, 0x0000,
    0x0000, 0x0000, 0x588C, 0x6050, 0xD69C, 0xEE9F, 0x492C, 0x0000, 0x204A, 0x2049, 0x0000, 0x0000,
    0x3824, 0x3845, 0x2024, 0x0000, 0x0000, 0x0000, 0x0000, 0x0000, 0x0000, 0x0000, 0x0000, 0x5907,
    0xDC11, 0xF754, 0xBECF, 0x2983, 0x0000, 0x0000, 0x0000, 0x0000, 0x0000, 0x0000, 0x5088, 0xE957,
    0xF9DA, 0xCA55, 0x28E5, 0x0000, 0x0000, 0x0000, 0x0000, 0x0000, 0x0000, 0x0000, 0x0000, 0x0000,
    0x0000, 0x0000, 0x0000, 0x0000, 0x0000, 0x0000, 0x0000, 0x0000, 0x0000, 0x0000, 0x2886, 0xBC97,
    0xB337, 0x28C6, 0x0000, 0x0000, 0x0000, 0x0000, 0x0000, 0x0000, 0x0000, 0x0000, 0x0000, 0x0000,
    0x0000, 0x0000, 0x0000, 0x0000, 0x0000, 0x0000, 0x0000, 0x0000, 0x0000, 0x3126, 0xD296, 0xFA3B,
    0xE9D7, 0x4067, 0x0000, 0x0000, 0x0000, 0x0000, 0x0000, 0x0000, 0x3A84, 0xC78F, 0xEEB3, 0xD313,
    0x4828, 0x0000, 0x0000, 0x0000, 0x0000, 0x0000, 0x0000, 0x0000, 0x0000, 0x61CE, 0xDA7A, 0xFADE,
    0xFCFD, 0xE37E, 0x7032, 0x0000, 0x0000, 0x0000, 0x0000, 0x0000, 0x0000, 0x0000, 0x0000, 0x1807,
    0x2809, 0x60D1, 0x306A, 0x0000, 0x0000, 0x0000, 0x0000, 0x0000, 0x0000, 0x0000, 0x0000, 0x0000,
    0x0000, 0x0000, 0x0000, 0x0000, 0x0000, 0x0000, 0x0000, 0x0000, 0x0000, 0x0000, 0x0000, 0x0000,
    0x0000, 0x0000, 0x0000, 0x0000, 0x0000, 0x0000, 0x0000, 0x0000, 0x0000, 0x0000, 0x0000, 0x0000,
    0x0000, 0x2885, 0x0000, 0x0000, 0x0000, 0x3888, 0x7031, 0xC55A, 0xE63D, 0x30A9, 0x0000, 0x2049,
    0x2047, 0x4026, 0x6849, 0x5848, 0x2825, 0x0000, 0x0000, 0x0000, 0x0000, 0x0000, 0x0000, 0x0000,
    0x0000, 0x0000, 0x0000, 0x0000, 0x4808, 0xD8D3, 0xF3B3, 0xCD4E, 0x4207, 0x0000, 0x0000, 0x0000,
    0x0000, 0x0000, 0x0000, 0x4047, 0xE115, 0xF9BB, 0xF9B9, 0xF0F7, 0xE8B6, 0xD894, 0xC874, 0xC072,
    0xB852, 0xA851, 0xA831, 0xA030, 0xA030, 0x602A, 0x0000, 0x0000, 0x0000, 0x2046, 0x0000, 0x0000,
    0x3047, 0x3869, 0x59AC, 0xFD5E, 0xEA7E, 0x48AB, 0x592C, 0x3067, 0x0000, 0x1825, 0x1826, 0x0000,
    0x0000, 0x0000, 0x702C, 0xA831, 0xA030, 0xA831, 0xA831, 0xB852, 0xC073, 0xD075, 0xE0B5, 0xE8B6,
    0xF0D7, 0xF9BA, 0xFA1B, 0xD155, 0x3046, 0x0000, 0x0000, 0x0000, 0x0000, 0x0000, 0x0000, 0x4AA7,
    0xD58F, 0xFB34, 0xC852, 0x2805, 0x0000, 0x0000, 0x0000, 0x0000, 0x0000, 0x0000, 0x0000, 0x0000,
    0x0000, 0x0000, 0x18C4, 0x8230, 0xEADB, 0xFC9F, 0xE39D, 0x6851, 0x0000, 0x0000, 0x0000, 0x0000,
    0x0000, 0x0000, 0x0000, 0x0000, 0x0000, 0x0000, 0x0000, 0x0000, 0x0000, 0x0000, 0x0000, 0x0000,
    0x0000, 0x0000, 0x0000, 0x0000, 0x0000, 0x0000, 0x0000, 0x0000, 0x0000, 0x0000, 0x0000, 0x0000,
    0x0000, 0x0000, 0x0000, 0x0000, 0x0000, 0x0000, 0x0000, 0x0000, 0x0000, 0x0000, 0x0000, 0x0000,
    0x0000, 0x0000, 0x0000, 0x0000, 0x0000, 0x0000, 0x0000, 0x0000, 0x2044, 0x7870, 0xBCB9, 0xCDDA,
    0x0000, 0x0000, 0x404A, 0x704B, 0x804B, 0x6049, 0x2024, 0x0000, 0x0000, 0x0000, 0x0000, 0x0000,
    0x0000, 0x0000, 0x0000, 0x0000, 0x0000, 0x0000, 0x0000, 0x0000, 0x0000, 0x3846, 0xD8B4, 0xF9B9,
    0xEAF7, 0x59CA, 0x0000, 0x0000, 0x0000, 0x0000, 0x0000, 0x0000, 0x2805, 0x98AF, 0xA050, 0x982F,
    0x880D, 0x800D, 0x802C, 0x782C, 0x782C, 0x702B, 0x702C, 0x682A, 0x602A, 0x682A, 0x2825, 0x0000,
    0x0000, 0x0000, 0x7934, 0x59AD, 0x40E8, 0x488B, 0xB2D6, 0xFD9F, 0xF2DF, 0x9895, 0x594C, 0x516A,
    0x6110, 0x6875, 0x0000, 0x0000, 0x0000, 0x3026, 0x702B, 0x682B, 0x682B, 0x702C, 0x702B, 0x782C,
    0x782C, 0x802D, 0x880D, 0x880D, 0x980E, 0xA050, 0x90CF, 0x0000, 0x0000, 0x0000, 0x0000, 0x0000,
    0x0000, 0x0000, 0x6A4B, 0xF2D7, 0xF8D9, 0xB831, 0x2005, 0x0000, 0x0000, 0x0000, 0x0000, 0x0000,
    0x0000, 0x0000, 0x0000, 0x0000, 0x0000, 0x0000, 0x0000, 0x0000, 0x2926, 0x92B2, 0xF43C, 0xFBFF,
    0x80D1, 0x0000, 0x0000, 0x0000, 0x0000, 0x0000, 0x0000, 0x0000, 0x0000, 0x0000, 0x0000, 0x0000,
    0x0000, 0x0000, 0x0000, 0x0000, 0x0000, 0x0000, 0x0000, 0x0000, 0x0000, 0x0000, 0x0000, 0x0000,
    0x0000, 0x0000, 0x0000, 0x0000, 0x0000, 0x0000, 0x0000, 0x0000, 0x0000, 0x0000, 0x0000, 0x0000,
    0x0000, 0x0000, 0x0000, 0x0000, 0x0000, 0x0000, 0x0000, 0x0000, 0x0000, 0x0000, 0x0000, 0x0000,
    0x790F, 0xBC59, 0x8CD3, 0x0000, 0x4849, 0x908F, 0x906E, 0x5028, 0x0000, 0x0000, 0x0000, 0x0000,
    0x0000, 0x0000, 0x2845, 0x0000, 0x0000, 0x0000, 0x0000, 0x0000, 0x0000, 0x0000, 0x0000, 0x0000,
    0x0000, 0x0000, 0x0000, 0xB8F0, 0xFA9A, 0xFC9B, 0x7AEE, 0x0000, 0x0000, 0x0000, 0x0000, 0x0000,
    0x0000, 0x0000, 0x0000, 0x0000, 0x0000, 0x0000, 0x0000, 0x0000, 0x0000, 0x0000, 0x0000, 0x0000,
    0x0000, 0x0000, 0x0000, 0x0000, 0x0000, 0x0000, 0x482D, 0xA95D, 0xAAF9, 0xB396, 0xF31E, 0xFE5F,
    0xF41F, 0xD93D, 0xAAF6, 0xB27B, 0x787B, 0x280A, 0x0000, 0x0000, 0x0000, 0x0000, 0x0000, 0x0000,
    0x0000, 0x0000, 0x0000, 0x0000, 0x0000, 0x0000, 0x0000, 0x0000, 0x0000, 0x0000, 0x0000, 0x0000,
    0x0000, 0x0000, 0x0000, 0x0000, 0x0000, 0x830F, 0xFB9A, 0xFABA, 0x98EF, 0x0000, 0x0000, 0x0000,
    0x0000, 0x0000, 0x0000, 0x0000, 0x0000, 0x0000, 0x0000, 0x0000, 0x0000, 0x3046, 0x0000, 0x0000,
    0x0000, 0x0000, 0x3107, 0xAAD3, 0xFBFE, 0x99B2, 0x0000, 0x0000, 0x0000, 0x0000, 0x0000, 0x0000,
    0x0000, 0x0000, 0x0000, 0x0000, 0x0000, 0x0000, 0x0000, 0x0000, 0x0000, 0x0000, 0x0000, 0x0000,
    0x0000, 0x0000, 0x0000, 0x0000, 0x0000, 0x0000, 0x0000, 0x0000, 0x0000, 0x0000, 0x0000, 0x0000,
    0x0000, 0x0000, 0x0000, 0x0000, 0x0000, 0x0000, 0x0000, 0x0000, 0x0000, 0x0000, 0x0000, 0x0000,
    0x0000, 0x0000, 0x0000, 0x510A, 0xAB95, 0x632D, 0x5008, 0xA04F, 0x908E, 0x4027, 0x0000, 0x0000,
    0x0000, 0x0000, 0x0000, 0x0000, 0x0000, 0x0000, 0x0000, 0x0000, 0x0000, 0x0000, 0x0000, 0x0000,
    0x0000, 0x0000, 0x3045, 0x0000, 0x0000, 0x0000, 0x0000, 0x0000, 0x91EF, 0xFD3C, 0xFDDC, 0xA3D2,
    0x726D, 0x7A2D, 0x70CB, 0x6029, 0x6029, 0x5028, 0x5028, 0x5028, 0x5829, 0x2806, 0x1120, 0x4322,
    0x4B03, 0x5326, 0x842E, 0x7C4A, 0x6C07, 0x18E2, 0x0000, 0x0000, 0x0000, 0x0000, 0x2024, 0xB835,
    0xB079, 0xDA9E, 0xFB5E, 0xFF3F, 0xF4FE, 0xD8BE, 0xB11D, 0x7059, 0x5812, 0x0000, 0x0000, 0x0000,
    0x0000, 0x0000, 0x29A3, 0x6C45, 0x7C68, 0x844F, 0x6347, 0x4B03, 0x4B23, 0x0000, 0x3005, 0x5029,
    0x5829, 0x5028, 0x5829, 0x602A, 0x706B, 0x71AD, 0x7ACE, 0x7AEE, 0xABF3, 0xFCDB, 0xFBDA, 0x814D,
    0x0000, 0x0000, 0x0000, 0x0000, 0x0000, 0x2825, 0x0000, 0x0000, 0x0000, 0x0000, 0x0000, 0x0000,
    0x0000, 0x0000, 0x0000, 0x0000, 0x0000, 0x0000, 0x0000, 0x0000, 0x40E8, 0xCB37, 0xA272, 0x2045,
    0x0000, 0x0000, 0x0000, 0x0000, 0x0000, 0x0000, 0x0000, 0x0000, 0x0000, 0x0000, 0x0000, 0x0000,
    0x0000, 0x0000, 0x0000, 0x0000, 0x0000, 0x0000, 0x0000, 0x0000, 0x0000, 0x0000, 0x0000, 0x0000,
    0x0000, 0x0000, 0x0000, 0x0000, 0x0000, 0x0000, 0x0000, 0x0000, 0x0000, 0x0000, 0x0000, 0x0000,
    0x0000, 0x0000, 0x0000, 0x0000, 0x0000, 0x0000, 0x20C5, 0xD458, 0x9990, 0x900D, 0x804D, 0x2825,
    0x0000, 0x0000, 0x0000, 0x0000, 0x0000, 0x0000, 0x0000, 0x0000, 0x0000, 0x0000, 0x0000, 0x0000,
    0x0000, 0x0000, 0x0000, 0x0000, 0x0000, 0x0000, 0x0000, 0x4047, 0x2024, 0x0000, 0x0000, 0x0000,
    0x0000, 0x792D, 0xFD1B, 0xFE5E, 0xFB9C, 0xF979, 0xF858, 0xF835, 0xB810, 0xB00F, 0xB010, 0xB010,
    0xA830, 0x980F, 0x3866, 0x64C1, 0x9EC4, 0xDFD2, 0xE7F1, 0xB708, 0x42C4, 0x0000, 0x0000, 0x710C,
    0x0000, 0x0000, 0x0000, 0x78CB, 0xF8D7, 0xE33A, 0xF47E, 0xFF7F, 0xED9E, 0xC8FE, 0xAA59, 0x7873,
    0x404A, 0x0000, 0x0000, 0x0000, 0x508C, 0x0000, 0x0000, 0x5363, 0xAF44, 0xD7EC, 0xD7CE, 0x96A2,
    0x5441, 0x4067, 0xA00F, 0xA810, 0xA810, 0xB010, 0xB011, 0xD033, 0xF857, 0xF8D9, 0xFAFB, 0xFC7D,
    0xFDFE, 0xFBFA, 0x68CB, 0x0000, 0x0000, 0x0000, 0x0000, 0x2024, 0x3047, 0x0000, 0x0000, 0x0000,
    0x0000, 0x0000, 0x2025, 0x0000, 0x0000, 0x0000, 0x0000, 0x0000, 0x0000, 0x0000, 0x0000, 0x0000,
    0x0000, 0x0000, 0x61AC, 0x722E, 0x3888, 0x0000, 0x0000, 0x0000, 0x0000, 0x0000, 0x0000, 0x0000,
    0x0000, 0x0000, 0x0000, 0x0000, 0x0000, 0x0000, 0x0000, 0x0000, 0x0000, 0x0000, 0x0000, 0x0000,
    0x0000, 0x0000, 0x0000, 0x0000, 0x0000, 0x0000, 0x0000, 0x0000, 0x0000, 0x0000, 0x0000, 0x0000,
    0x0000, 0x0000, 0x0000, 0x0000, 0x0000, 0x0000, 0x0000, 0x0000, 0x0000, 0x0000, 0xC355, 0xC994,
    0x600A, 0x2024, 0x0000, 0x0000, 0x0000, 0x0000, 0x0000, 0x0000, 0x0000, 0x0000, 0x0000, 0x0000,
    0x0000, 0x0000, 0x0000, 0x0000, 0x0000, 0x0000, 0x0000, 0x0000, 0x0000, 0x0000, 0x0000, 0x0000,
    0x4848, 0x3026, 0x0000, 0x0000, 0x0000, 0x0000, 0x694B, 0xC315, 0xB8F2, 0xB871, 0xB850, 0xB830,
    0xA82F, 0x902D, 0x882D, 0x802C, 0x882C, 0x882D, 0x880D, 0x3085, 0x7580, 0xBFC4, 0xCFCB, 0x8D87,
    0x0000, 0x0000, 0x0000, 0x5889, 0x91CF, 0x0000, 0x0000, 0x0000, 0xDBD8, 0xF999, 0xEA3A, 0xFFDF,
    0xFD1E, 0x9877, 0x8875, 0xA1D4, 0x0000, 0x0000, 0x0000, 0x7952, 0x2849, 0x0000, 0x0000, 0x0000,
    0x8DE5, 0xBFA6, 0xB7C3, 0x6D01, 0x3045, 0x802C, 0x902D, 0x882D, 0x802C, 0x802C, 0x902E, 0xB030,
    0xB850, 0xB830, 0xB850, 0xB992, 0xBB35, 0x50E9, 0x0000, 0x0000, 0x0000, 0x0000, 0x3026, 0x3847,
    0x0000, 0x0000, 0x0000, 0x0000, 0x0000, 0x0000, 0x0000, 0x0000, 0x0000, 0x0000, 0x0000, 0x0000,
    0x0000, 0x0000, 0x0000, 0x0000, 0x0000, 0x0000, 0x0000, 0x0000, 0x38A7, 0x3848, 0x0000, 0x0000,
    0x0000, 0x0000, 0x0000, 0x0000, 0x0000, 0x0000, 0x0000, 0x0000, 0x0000, 0x0000, 0x0000, 0x0000,
    0x0000, 0x0000, 0x0000, 0x0000, 0x0000, 0x0000, 0x0000, 0x0000, 0x0000, 0x0000, 0x0000, 0x0000,
    0x0000, 0x0000, 0x0000, 0x0000, 0x0000, 0x0000, 0x0000, 0x0000, 0x0000, 0x0000, 0x0000, 0x0000,
    0x0000, 0x5129, 0x60CA, 0x0000, 0x0000, 0x0000, 0x0000, 0x0000, 0x0000, 0x0000, 0x0000, 0x0000,
    0x0000, 0x0000, 0x0000, 0x0000, 0x0000, 0x0000, 0x0000, 0x0000, 0x0000, 0x0000, 0x0000, 0x1825,
    0x0000, 0x0000, 0x0000, 0x0000, 0x0000, 0x4848, 0x4849, 0x0000, 0x0000, 0x0000, 0x0000, 0x0000,
    0x0000, 0x0000, 0x0000, 0x0000, 0x0000, 0x0000, 0x0000, 0x0000, 0x0000, 0x0000, 0x0000, 0x0000,
    0x3A23, 0xAFA0, 0xBFA6, 0xDFEF, 0x6BA8, 0x0000, 0x0000, 0x0000, 0xC974, 0x798D, 0x0000, 0x0000,
    0x724D, 0xFCDD, 0xF43B, 0xFFFF, 0xFC3D, 0xC178, 0xDAFA, 0x690C, 0x0000, 0x0000, 0x718F, 0x80F6,
    0x0000, 0x0000, 0x0000, 0x7467, 0xCFE9, 0xBFA5, 0xA742, 0x3143, 0x0000, 0x0000, 0x0000, 0x0000,
    0x0000, 0x0000, 0x0000, 0x0000, 0x0000, 0x0000, 0x0000, 0x0000, 0x0000, 0x0000, 0x0000, 0x0000,
    0x0000, 0x4848, 0x3026, 0x0000, 0x0000, 0x0000, 0x0000, 0x0000, 0x0000, 0x0000, 0x0000, 0x0000,
    0x0000, 0x0000, 0x0000, 0x0000, 0x0000, 0x0000, 0x0000, 0x0000, 0x0000, 0x0000, 0x0000, 0x0000,
    0x0000, 0x0000, 0x2026, 0x0000, 0x0000, 0x0000, 0x0000, 0x0000, 0x0000, 0x0000, 0x0000, 0x0000,
    0x0000, 0x0000, 0x0000, 0x0000, 0x0000, 0x0000, 0x0000, 0x0000, 0x0000, 0x0000, 0x0000, 0x0000,
    0x0000, 0x0000, 0x0000, 0x0000, 0x0000, 0x0000, 0x0000, 0x0000, 0x0000, 0x0000, 0x0000, 0x0000,
    0x0000, 0x0000, 0x0000, 0x0000, 0x0000, 0x0000, 0x0000, 0x0000, 0x0000, 0x0000, 0x0000, 0x0000,
    0x0000, 0x0000, 0x0000, 0x0000, 0x0000, 0x0000, 0x0000, 0x0000, 0x0000, 0x0000, 0x0000, 0x0000,
    0x0000, 0x0000, 0x0000, 0x0000, 0x0000, 0x2025, 0x0000, 0x0000, 0x0000, 0x0000, 0x3848, 0x586B,
    0x3046, 0x2025, 0x0000, 0x0000, 0x0000, 0x0000, 0x0000, 0x48C8, 0x40E8, 0x2845, 0x0000, 0x0000,
    0x0000, 0x0000, 0x0000, 0x0000, 0x0000, 0x5B84, 0xAFC0, 0xC7A8, 0xC76B, 0x29A4, 0x0000, 0x0000,
    0x5028, 0xF9FB, 0x48C9, 0x0000, 0x0000, 0xCCF8, 0xFF1F, 0xFFBF, 0xF4DD, 0xFB7D, 0xC1B5, 0x0000,
    0x0000, 0x614B, 0xB19D, 0x2007, 0x0000, 0x0000, 0x4AA6, 0xC7CA, 0xBFA8, 0xAFC2, 0x4A43, 0x0000,
    0x0000, 0x0000, 0x2805, 0x2024, 0x0000, 0x0000, 0x3826, 0x4888, 0x4068, 0x0000, 0x0000, 0x0000,
    0x0000, 0x0000, 0x2024, 0x3046, 0x5049, 0x2825, 0x0000, 0x0000, 0x0000, 0x0000, 0x2025, 0x0000,
    0x0000, 0x0000, 0x0000, 0x0000, 0x0000, 0x0000, 0x0000, 0x0000, 0x0000, 0x0000, 0x0000, 0x0000,
    0x0000, 0x0000, 0x0000, 0x0000, 0x0000, 0x0000, 0x0000, 0x0000, 0x0000, 0x0000, 0x0000, 0x0000,
    0x0000, 0x0000, 0x0000, 0x0000, 0x0000, 0x0000, 0x0000, 0x0000, 0x0000, 0x0000, 0x0000, 0x0000,
    0x0000, 0x0000, 0x0000, 0x0000, 0x0000, 0x0000, 0x0000, 0x0000, 0x0000, 0x0000, 0x0000, 0x0000,
    0x0000, 0x0000, 0x0000, 0x0000, 0x0000, 0x0000, 0x0000, 0x0000, 0x0000, 0x0000, 0x0000, 0x0000,
    0x0000, 0x0000, 0x0000, 0x0000, 0x0000, 0x0000, 0x0000, 0x0000, 0x0000, 0x0000, 0x0000, 0x0000,
    0x0000, 0x0000, 0x0000, 0x0000, 0x0000, 0x0000, 0x0000, 0x0000, 0x0000, 0x0000, 0x0000, 0x0000,
    0x0000, 0x0000, 0x0000, 0x0000, 0x0000, 0x0000, 0x0000, 0x0000, 0x0000, 0x0000, 0x0000, 0x612B,
    0xFAD9, 0xFADB, 0xC954, 0x902D, 0x702A, 0x706C, 0x0000, 0x3025, 0x3886, 0x0000, 0x7CE4, 0xB7E0,
    0xCFEA, 0x9DCA, 0x0000, 0x0000, 0x0000, 0xC0B4, 0xEA3A, 0x2865, 0x0000, 0x9A71, 0xFF7F, 0xFFFF,
    0xF5BD, 0xFABD, 0x78AE, 0x0000, 0x40A7, 0xCA5D, 0x7856, 0x0000, 0x0000, 0x2985, 0xAE8D, 0xCFCA,
    0xB7E2, 0x6C04, 0x0000, 0x4867, 0x3826, 0x5008, 0x804D, 0x3806, 0x682A, 0xD9B6, 0xFA5B, 0xF1B7,
    0x5089, 0x0000, 0x0000, 0x0000, 0x0000, 0x0000, 0x0000, 0x0000, 0x0000, 0x0000, 0x0000, 0x0000,
    0x0000, 0x0000, 0x0000, 0x0000, 0x0000, 0x0000, 0x0000, 0x0000, 0x0000, 0x0000, 0x0000, 0x0000,
    0x0000, 0x0000, 0x0000, 0x0000, 0x0000, 0x0000, 0x0000, 0x0000, 0x0000, 0x0000, 0x0000, 0x0000,
    0x0000, 0x0000, 0x0000, 0x0000, 0x0000, 0x0000, 0x0000, 0x0000, 0x0000, 0x0000, 0x0000, 0x0000,
    0x0000, 0x0000, 0x0000, 0x0000, 0x0000, 0x0000, 0x0000, 0x0000, 0x0000, 0x0000, 0x0000, 0x0000,
    0x0000, 0x0000, 0x0000, 0x0000, 0x0000, 0x0000, 0x0000, 0x0000, 0x0000, 0x0000, 0x0000, 0x0000,
    0x0000, 0x0000, 0x0000, 0x0000, 0x0000, 0x0000, 0x0000, 0x0000, 0x0000, 0x0000, 0x0000, 0x0000,
    0x0000, 0x0000, 0x0000, 0x0000, 0x0000, 0x0000, 0x0000, 0x0000, 0x0000, 0x0000, 0x0000, 0x0000,
    0x0000, 0x0000, 0x0000, 0x3046, 0x0000, 0x0000, 0x0000, 0x0000, 0x0000, 0x0000, 0x0000, 0x0000,
    0x0000, 0x0000, 0x0000, 0x0000, 0x3066, 0x90EE, 0xA0EF, 0xB08F, 0x886C, 0x3826, 0x6829, 0x2004,
    0x4848, 0x2864, 0x31A5, 0x8D65, 0xB7A2, 0xD7EC, 0x6B89, 0x0000, 0x0000, 0x4849, 0xF8FB, 0xB9B4,
    0x2005, 0x3827, 0xD559, 0xFFFF, 0xFCBE, 0xC1D6, 0x2826, 0x3826, 0xB1B6, 0xA8DF, 0x3849, 0x0000,
    0x20E3, 0x84AC, 0xDFF0, 0xB7C5, 0x6C44, 0x0000, 0x4046, 0x5048, 0x2003, 0x6009, 0x2024, 0x4868,
    0xA06F, 0xA0D0, 0x90EE, 0x2825, 0x0000, 0x0000, 0x0000, 0x0000, 0x0000, 0x0000, 0x0000, 0x0000,
    0x0000, 0x0000, 0x0000, 0x2025, 0x2826, 0x0000, 0x0000, 0x0000, 0x0000, 0x0000, 0x0000, 0x0000,
    0x0000, 0x0000, 0x0000, 0x0000, 0x0000, 0x0000, 0x0000, 0x0000, 0x0000, 0x0000, 0x0000, 0x0000,
    0x0000, 0x0000, 0x0000, 0x0000, 0x0000, 0x0000, 0x0000, 0x0000, 0x0000, 0x0000, 0x0000, 0x0000,
    0x0000, 0x0000, 0x0000, 0x0000, 0x0000, 0x0000, 0x0000, 0x0000, 0x0000, 0x0000, 0x0000, 0x0000,
    0x0000, 0x0000, 0x0000, 0x0000, 0x0000, 0x0000, 0x0000, 0x0000, 0x0000, 0x0000, 0x0000, 0x0000,
    0x0000, 0x0000, 0x0000, 0x0000, 0x0000, 0x0000, 0x0000, 0x0000, 0x0000, 0x0000, 0x0000, 0x0000,
    0x0000, 0x0000, 0x0000, 0x0000, 0x0000, 0x0000, 0x0000, 0x0000, 0x0000, 0x0000, 0x0000, 0x0000,
    0x0000, 0x0000, 0x0000, 0x0000, 0x0000, 0x0000, 0x0000, 0x0000, 0x0000, 0x0000, 0x0000, 0x0000,
    0x0000, 0x0000, 0x0000, 0x0000, 0x0000, 0x0000, 0x0000, 0x0000, 0x0000, 0x0000, 0x902E, 0xEA38,
    0xE956, 0xE0D5, 0xD2B6, 0xA990, 0x5849, 0x610A, 0x18E4, 0x2925, 0x6C43, 0xCFE6, 0xD751, 0x39E6,
    0x0000, 0x0000, 0xC093, 0xF97C, 0x9930, 0x0000, 0x81AF, 0xFEFF, 0xFB5D, 0x682C, 0x0000, 0xA8F2,
    0xB0BF, 0x7035, 0x0000, 0x18C3, 0x52C8, 0xDFB4, 0xBFE8, 0x6424, 0x0000, 0x2844, 0x684A, 0x5808,
    0xA9F0, 0xE217, 0xE035, 0xE916, 0xE176, 0x780B, 0x0000, 0x0000, 0x0000, 0x0000, 0x0000, 0x0000,
    0x0000, 0x0000, 0x0000, 0x0000, 0x0000, 0x0000, 0x0000, 0x0000, 0x0000, 0x0000, 0x0000, 0x0000,
    0x0000, 0x0000, 0x0000, 0x0000, 0x0000, 0x0000, 0x0000, 0x0000, 0x0000, 0x0000, 0x0000, 0x0000,
    0x0000, 0x0000, 0x0000, 0x0000, 0x0000, 0x0000, 0x0000, 0x0000, 0x0000, 0x0000, 0x0000, 0x0000,
    0x0000, 0x0000, 0x0000, 0x0000, 0x0000, 0x0000, 0x0000, 0x0000, 0x0000, 0x0000, 0x0000, 0x0000,
    0x0000, 0x0000, 0x0000, 0x0000, 0x0000, 0x0000, 0x0000, 0x0000, 0x0000, 0x0000, 0x0000, 0x0000,
    0x0000, 0x0000, 0x0000, 0x0000, 0x0000, 0x0000, 0x0000, 0x0000, 0x0000, 0x0000, 0x0000, 0x0000,
    0x0000, 0x0000, 0x0000, 0x0000, 0x0000, 0x0000, 0x0000, 0x0000, 0x0000, 0x0000, 0x0000, 0x0000,
    0x0000, 0x0000, 0x0000, 0x0000, 0x0000, 0x0000, 0x0000, 0x0000, 0x0000, 0x0000, 0x0000, 0x0000,
    0x0000, 0x0000, 0x0000, 0x0000, 0x0000, 0x0000, 0x0000, 0x0000, 0x0000, 0x0000, 0x0000, 0x0000,
    0x0000, 0x0000, 0x0000, 0x5068, 0x5008, 0x4847, 0x59CB, 0x692B, 0x610A, 0xB252, 0x99F0, 0x0000,
    0x20C4, 0x6C84, 0xDFED, 0x9D6E, 0x0000, 0x0000, 0x50CA, 0xF8D9, 0xF99B, 0x706C, 0x2005, 0xECBB,
    0xDA79, 0x2005, 0x88AC, 0xC15D, 0xA07E, 0x3849, 0x0000, 0x2964, 0xBE54, 0xDFEF, 0x5BC4, 0x0000,
    0x0000, 0x808C, 0x704B, 0x604A, 0x69CC, 0x514A, 0x4807, 0x4807, 0x4847, 0x0000, 0x0000, 0x0000,
    0x0000, 0x0000, 0x0000, 0x0000, 0x0000, 0x0000, 0x0000, 0x0000, 0x0000, 0x0000, 0x0000, 0x0000,
    0x0000, 0x0000, 0x0000, 0x0000, 0x0000, 0x0000, 0x0000, 0x0000, 0x0000, 0x0000, 0x0000, 0x0000,
    0x0000, 0x0000, 0x0000, 0x0000, 0x0000, 0x0000, 0x0000, 0x0000, 0x0000, 0x0000, 0x0000, 0x0000,
    0x0000, 0x0000, 0x0000, 0x0000, 0x0000, 0x0000, 0x0000, 0x0000, 0x0000, 0x0000, 0x0000, 0x0000,
    0x0000, 0x0000, 0x0000, 0x0000, 0x0000, 0x0000, 0x0000, 0x0000, 0x0000, 0x0000, 0x0000, 0x0000,
    0x0000, 0x0000, 0x0000, 0x0000, 0x0000, 0x0000, 0x0000, 0x0000, 0x0000, 0x0000, 0x0000, 0x0000,
    0x0000, 0x0000, 0x0000, 0x0000, 0x0000, 0x0000, 0x0000, 0x0000, 0x0000, 0x0000, 0x0000, 0x0000,
    0x0000, 0x0000, 0x0000, 0x0000, 0x0000, 0x0000, 0x0000, 0x0000, 0x0000, 0x0000, 0x0000, 0x0000,
    0x0000, 0x0000, 0x0000, 0x0000, 0x0000, 0x0000, 0x0000, 0x0000, 0x0000, 0x0000, 0x0000, 0x0000,
    0x0000, 0x0000, 0x0000, 0x0000, 0x0000, 0x0000, 0x0000, 0x0000, 0x0000, 0x0000, 0x0000, 0x0000,
    0x0000, 0x3106, 0xD3B6, 0x9310, 0x0000, 0x0000, 0x6C45, 0xE7F0, 0x632A, 0x0000, 0x0000, 0xC8F5,
    0xF8BA, 0xE999, 0x4007, 0x91D1, 0x8150, 0x5808, 0xD99A, 0x98BF, 0x80B7, 0x0000, 0x0000, 0x73ED,
    0xEFF4, 0x63E6, 0x0000, 0x0000, 0xA130, 0x988E, 0x2824, 0x0000, 0x0000, 0x0000, 0x0000, 0x0000,
    0x0000, 0x0000, 0x0000, 0x0000, 0x0000, 0x0000, 0x0000, 0x0000, 0x0000, 0x0000, 0x0000, 0x0000,
    0x0000, 0x0000, 0x0000, 0x0000, 0x0000, 0x0000, 0x0000, 0x0000, 0x0000, 0x0000, 0x0000, 0x0000,
    0x0000, 0x0000, 0x0000, 0x0000, 0x0000, 0x0000, 0x0000, 0x0000, 0x0000, 0x0000, 0x0000, 0x0000,
    0x0000, 0x0000, 0x0000, 0x0000, 0x0000, 0x0000, 0x0000, 0x0000, 0x0000, 0x0000, 0x0000, 0x0000,
    0x0000, 0x0000, 0x0000, 0x0000, 0x0000, 0x0000, 0x0000, 0x0000, 0x0000, 0x0000, 0x0000, 0x0000,
    0x0000, 0x0000, 0x0000, 0x0000, 0x0000, 0x0000, 0x0000, 0x0000, 0x0000, 0x0000, 0x0000, 0x0000,
    0x0000, 0x0000, 0x0000, 0x0000, 0x0000, 0x0000, 0x0000, 0x0000, 0x0000, 0x0000, 0x0000, 0x0000,
    0x0000, 0x0000, 0x0000, 0x0000, 0x0000, 0x0000, 0x0000, 0x0000, 0x0000, 0x0000, 0x0000, 0x0000,
    0x0000, 0x0000, 0x0000, 0x0000, 0x0000, 0x0000, 0x0000, 0x0000, 0x0000, 0x0000, 0x0000, 0x0000,
    0x0000, 0x0000, 0x0000, 0x0000, 0x0000, 0x0000, 0x0000, 0x0000, 0x0000, 0x0000, 0x0000, 0x0000,
    0x0000, 0x0000, 0x0000, 0x0000, 0x0000, 0x0000, 0x0000, 0x9BD2, 0x72AD, 0x0000, 0x0000, 0x84C9,
    0xDF95, 0x3166, 0x0000, 0x50CB, 0xF87A, 0xF91A, 0xD136, 0x500A, 0x582A, 0xD137, 0x98DD, 0x987F,
    0x304A, 0x0000, 0x4208, 0xE7D6, 0x6C07, 0x0000, 0x0000, 0x9270, 0x890D, 0x0000, 0x0000, 0x0000,
    0x0000, 0x0000, 0x0000, 0x0000, 0x0000, 0x0000, 0x0000, 0x0000, 0x0000, 0x0000, 0x0000, 0x0000,
    0x0000, 0x0000, 0x0000, 0x0000, 0x0000, 0x0000, 0x0000, 0x0000, 0x0000, 0x0000, 0x0000, 0x0000,
    0x0000, 0x0000, 0x0000, 0x0000, 0x0000, 0x0000, 0x0000, 0x0000, 0x0000, 0x0000, 0x0000, 0x0000,
    0x0000, 0x0000, 0x0000, 0x0000, 0x0000, 0x0000, 0x0000, 0x0000, 0x0000, 0x0000, 0x0000, 0x0000,
    0x0000, 0x0000, 0x0000, 0x0000, 0x0000, 0x0000, 0x0000, 0x0000, 0x0000, 0x0000, 0x0000, 0x0000,
    0x0000, 0x0000, 0x0000, 0x0000, 0x0000, 0x0000, 0x0000, 0x0000, 0x0000, 0x0000, 0x0000, 0x0000,
    0x0000, 0x0000, 0x0000, 0x0000, 0x0000, 0x0000, 0x0000, 0x0000, 0x0000, 0x0000, 0x0000, 0x0000,
    0x0000, 0x0000, 0x0000, 0x0000, 0x0000, 0x0000, 0x0000, 0x0000, 0x0000, 0x0000, 0x0000, 0x0000,
    0x0000, 0x0000, 0x0000, 0x0000, 0x0000, 0x0000, 0x0000, 0x0000, 0x0000, 0x0000, 0x0000, 0x0000,
    0x0000, 0x0000, 0x0000, 0x0000, 0x0000, 0x0000, 0x0000, 0x0000, 0x0000, 0x0000, 0x0000, 0x0000,
    0x0000, 0x0000, 0x0000, 0x0000, 0x0000, 0x0000, 0x0000, 0x0000, 0x0000, 0x0000, 0x0000, 0x0000,
    0x51CA, 0x4108, 0x0000, 0x0000, 0x9D6E, 0x9510, 0x0000, 0x0000, 0xC8F6, 0xF83B, 0xF9BC, 0xB936,
    0xB914, 0xA17C, 0x987F, 0x7897, 0x0000, 0x0000, 0xB5D3, 0x848C, 0x0000, 0x0000, 0x522A, 0x51A9,
    0x0000, 0x0000, 0x0000, 0x0000, 0x0000, 0x0000, 0x0000, 0x0000, 0x0000, 0x0000, 0x0000, 0x0000,
    0x0000, 0x0000, 0x0000, 0x0000, 0x0000, 0x0000, 0x0000, 0x0000, 0x0000, 0x0000, 0x0000, 0x0000,
    0x0000, 0x0000, 0x0000, 0x0000, 0x0000, 0x0000, 0x0000, 0x0000, 0x0000, 0x0000, 0x0000, 0x0000,
    0x0000, 0x0000, 0x0000, 0x0000, 0x0000, 0x0000, 0x0000, 0x0000, 0x0000, 0x0000, 0x0000, 0x0000,
    0x0000, 0x0000, 0x0000, 0x0000, 0x0000, 0x0000, 0x0000, 0x0000, 0x0000, 0x0000, 0x0000, 0x0000,
    0x0000, 0x0000, 0x0000, 0x0000, 0x0000, 0x0000, 0x0000, 0x0000, 0x0000, 0x0000, 0x0000, 0x0000,
    0x0000, 0x0000, 0x0000, 0x0000, 0x0000, 0x0000, 0x0000, 0x0000, 0x0000, 0x0000, 0x0000, 0x0000,
    0x0000, 0x0000, 0x0000, 0x0000, 0x0000, 0x0000, 0x0000, 0x0000, 0x0000, 0x0000, 0x0000, 0x0000,
    0x0000, 0x0000, 0x0000, 0x0000, 0x0000, 0x0000, 0x0000, 0x0000, 0x0000, 0x0000, 0x0000, 0x0000,
    0x0000, 0x0000, 0x0000, 0x0000, 0x0000, 0x0000, 0x0000, 0x0000, 0x0000, 0x0000, 0x0000, 0x0000,
    0x0000, 0x0000, 0x0000, 0x0000, 0x0000, 0x0000, 0x0000, 0x0000, 0x0000, 0x0000, 0x0000, 0x0000,
    0x0000, 0x0000, 0x0000, 0x0000, 0x0000, 0x2045, 0x0000, 0x0000, 0x0000, 0x9D10, 0x522A, 0x0000,
    0x58AB, 0xF89C, 0xF09A, 0xFB3D, 0xBA1B, 0x783B, 0xA0BF, 0x304A, 0x0000, 0x528B, 0x846E, 0x0000,
    0x0000, 0x1865, 0x18A4, 0x0000, 0x0000, 0x0000, 0x0000, 0x0000, 0x0000, 0x0000, 0x0000, 0x0000,
    0x0000, 0x0000, 0x0000, 0x0000, 0x0000, 0x0000, 0x0000, 0x0000, 0x0000, 0x0000, 0x0000, 0x0000,
    0x0000, 0x0000, 0x0000, 0x0000, 0x0000, 0x0000, 0x0000, 0x0000, 0x0000, 0x0000, 0x0000, 0x0000,
    0x0000, 0x0000, 0x0000, 0x0000, 0x0000, 0x0000, 0x0000, 0x0000, 0x0000, 0x0000, 0x0000, 0x0000,
    0x0000, 0x0000, 0x0000, 0x0000, 0x0000, 0x0000, 0x0000, 0x0000, 0x0000, 0x0000, 0x0000, 0x0000,
    0x0000, 0x0000, 0x0000, 0x0000, 0x0000, 0x0000, 0x0000, 0x0000, 0x0000, 0x0000, 0x0000, 0x0000,
    0x0000, 0x0000, 0x0000, 0x0000, 0x0000, 0x0000, 0x0000, 0x0000, 0x0000, 0x0000, 0x0000, 0x0000,
    0x0000, 0x0000, 0x0000, 0x0000, 0x0000, 0x0000, 0x0000, 0x0000, 0x0000, 0x0000, 0x0000, 0x0000,
    0x0000, 0x0000, 0x0000, 0x0000, 0x0000, 0x0000, 0x0000, 0x0000, 0x0000, 0x0000, 0x0000, 0x0000,
    0x0000, 0x0000, 0x0000, 0x0000, 0x0000, 0x0000, 0x0000, 0x0000, 0x0000, 0x0000, 0x0000, 0x0000,
    0x0000, 0x0000, 0x0000, 0x0000, 0x0000, 0x0000, 0x0000, 0x0000, 0x0000, 0x0000, 0x0000, 0x0000,
    0x0000, 0x0000, 0x0000, 0x0000, 0x0000, 0x0000, 0x0000, 0x0000, 0x0000, 0x0000, 0x0000, 0x0000,
    0x0000, 0x0000, 0x632D, 0x0000, 0x0000, 0xC917, 0xF87D, 0xE99C, 0x7118, 0x905E, 0x78B7, 0x0000,
    0x18A4, 0x632C, 0x0000, 0x0000, 0x0000, 0x0000, 0x0000, 0x0000, 0x0000, 0x0000, 0x0000, 0x0000,
    0x0000, 0x0000, 0x0000, 0x0000, 0x0000, 0x0000, 0x0000, 0x0000, 0x0000, 0x0000, 0x0000, 0x0000,
    0x0000, 0x0000, 0x0000, 0x0000, 0x0000, 0x0000, 0x0000, 0x0000, 0x0000, 0x0000, 0x0000, 0x0000,
    0x0000, 0x0000, 0x0000, 0x0000, 0x0000, 0x0000, 0x0000, 0x0000, 0x0000, 0x0000, 0x0000, 0x0000,
    0x0000, 0x0000, 0x0000, 0x0000, 0x0000, 0x0000, 0x0000, 0x0000, 0x0000, 0x0000, 0x0000, 0x0000,
    0x0000, 0x0000, 0x0000, 0x0000, 0x0000, 0x0000, 0x0000, 0x0000, 0x0000, 0x0000, 0x0000, 0x0000,
    0x0000, 0x0000, 0x0000, 0x0000, 0x0000, 0x0000, 0x0000, 0x0000, 0x0000, 0x0000, 0x0000, 0x0000,
    0x0000, 0x0000, 0x0000, 0x0000, 0x0000, 0x0000, 0x0000, 0x0000, 0x0000, 0x0000, 0x0000, 0x0000,
    0x0000, 0x0000, 0x0000, 0x0000, 0x0000, 0x0000, 0x0000, 0x0000, 0x0000, 0x0000, 0x0000, 0x0000,
    0x0000, 0x0000, 0x0000, 0x0000, 0x0000, 0x0000, 0x0000, 0x0000, 0x0000, 0x0000, 0x0000, 0x0000,
    0x0000, 0x0000, 0x0000, 0x0000, 0x0000, 0x0000, 0x0000, 0x0000, 0x0000, 0x0000, 0x0000, 0x0000,
    0x0000, 0x0000, 0x0000, 0x0000, 0x0000, 0x0000, 0x0000, 0x0000, 0x0000, 0x0000, 0x0000, 0x0000,
    0x0000, 0x0000, 0x0000, 0x0000, 0x0000, 0x0000, 0x0000, 0x18C5, 0x0000, 0x50AB, 0xF8DE, 0xE93C,
    0x78DA, 0x985F, 0x304A, 0x0000, 0x20E5, 0x0000, 0x0000, 0x0000, 0x0000, 0x0000, 0x0000, 0x0000,
    0x0000, 0x0000, 0x0000, 0x0000, 0x0000, 0x0000, 0x0000, 0x0000, 0x0000, 0x0000, 0x0000, 0x0000,
    0x0000, 0x0000, 0x0000, 0x0000, 0x0000, 0x0000, 0x0000, 0x0000, 0x0000, 0x0000, 0x0000, 0x0000,
    0x0000, 0x0000, 0x0000, 0x0000, 0x0000, 0x0000, 0x0000, 0x0000, 0x0000, 0x0000, 0x0000, 0x0000,
    0x0000, 0x0000, 0x0000, 0x0000, 0x0000, 0x0000, 0x0000, 0x0000, 0x0000, 0x0000, 0x0000, 0x0000,
    0x0000, 0x0000, 0x0000, 0x0000, 0x0000, 0x0000, 0x0000, 0x0000, 0x0000, 0x0000, 0x0000, 0x0000,
    0x0000, 0x0000, 0x0000, 0x0000, 0x0000, 0x0000, 0x0000, 0x0000, 0x0000, 0x0000, 0x0000, 0x0000,
    0x0000, 0x0000, 0x0000, 0x0000, 0x0000, 0x0000, 0x0000, 0x0000, 0x0000, 0x0000, 0x0000, 0x0000,
    0x0000, 0x0000, 0x0000, 0x0000, 0x0000, 0x0000, 0x0000, 0x0000, 0x0000, 0x0000, 0x0000, 0x0000,
    0x0000, 0x0000, 0x0000, 0x0000, 0x0000, 0x0000, 0x0000, 0x0000, 0x0000, 0x0000, 0x0000, 0x0000,
    0x0000, 0x0000, 0x0000, 0x0000, 0x0000, 0x0000, 0x0000, 0x0000, 0x0000, 0x0000, 0x0000, 0x0000,
    0x0000, 0x0000, 0x0000, 0x0000, 0x0000, 0x0000, 0x0000, 0x0000, 0x0000, 0x0000, 0x0000, 0x0000,
    0x0000, 0x0000, 0x0000, 0x0000, 0x0000, 0x0000, 0x0000, 0x0000, 0x0000, 0x0000, 0x0000, 0x0000,
    0x0000, 0x0000, 0xC958, 0xF13D, 0x98FE, 0x7898, 0x0000, 0x0000, 0x0000, 0x0000, 0x0000, 0x0000,
    0x0000, 0x0000, 0x0000, 0x0000, 0x0000, 0x0000, 0x0000, 0x0000, 0x0000, 0x0000, 0x0000, 0x0000,
    0x0000, 0x0000, 0x0000, 0x0000, 0x0000, 0x0000, 0x0000, 0x0000, 0x0000, 0x0000, 0x0000, 0x0000,
    0x0000, 0x0000, 0x0000, 0x0000, 0x0000, 0x0000, 0x0000, 0x0000, 0x0000, 0x0000, 0x0000, 0x0000,
    0x0000, 0x0000, 0x0000, 0x0000, 0x0000, 0x0000, 0x0000, 0x0000, 0x0000, 0x0000, 0x0000, 0x0000,
    0x0000, 0x0000, 0x0000, 0x0000, 0x0000, 0x0000, 0x0000, 0x0000, 0x0000, 0x0000, 0x0000, 0x0000,
    0x0000, 0x0000, 0x0000, 0x0000, 0x0000, 0x0000, 0x0000, 0x0000, 0x0000, 0x0000, 0x0000, 0x0000,
    0x0000, 0x0000, 0x0000, 0x0000, 0x0000, 0x0000, 0x0000, 0x0000, 0x0000, 0x0000, 0x0000, 0x0000,
    0x0000, 0x0000, 0x0000, 0x0000, 0x0000, 0x0000, 0x0000, 0x0000, 0x0000, 0x0000, 0x0000, 0x0000,
    0x0000, 0x0000, 0x0000, 0x0000, 0x0000, 0x0000, 0x0000, 0x0000, 0x0000, 0x0000, 0x0000, 0x0000,
    0x0000, 0x0000, 0x0000, 0x0000, 0x0000, 0x0000, 0x0000, 0x0000, 0x0000, 0x0000, 0x0000, 0x0000,
    0x0000, 0x0000, 0x0000, 0x0000, 0x0000, 0x0000, 0x0000, 0x0000, 0x0000, 0x0000, 0x0000, 0x0000,
    0x0000, 0x0000, 0x0000, 0x0000, 0x0000, 0x0000, 0x0000, 0x0000, 0x0000, 0x0000, 0x0000, 0x0000,
    0x0000, 0x0000, 0x0000, 0x0000, 0x0000, 0x0000, 0x50CB, 0xF9DE, 0xA91F, 0x304A, 0x0000, 0x0000,
    0x0000, 0x0000, 0x0000, 0x0000, 0x0000, 0x0000, 0x0000, 0x0000, 0x0000, 0x0000, 0x0000, 0x0000,
    0x0000, 0x0000, 0x0000, 0x0000, 0x0000, 0x0000, 0x0000, 0x0000, 0x0000, 0x0000, 0x0000, 0x0000,
    0x0000, 0x0000, 0x0000, 0x0000, 0x0000, 0x0000, 0x0000, 0x0000, 0x0000, 0x0000, 0x0000, 0x0000,
    0x0000, 0x0000, 0x0000, 0x0000, 0x0000, 0x0000, 0x0000, 0x0000, 0x0000, 0x0000, 0x0000, 0x0000,
    0x0000, 0x0000, 0x0000, 0x0000, 0x0000, 0x0000, 0x0000, 0x0000, 0x0000, 0x0000, 0x0000, 0x0000,
    0x0000, 0x0000, 0x0000, 0x0000, 0x0000, 0x0000, 0x0000, 0x0000, 0x0000, 0x0000, 0x0000, 0x0000,
    0x0000, 0x0000, 0x0000, 0x0000, 0x0000, 0x0000, 0x0000, 0x0000, 0x0000, 0x0000, 0x0000, 0x0000,
    0x0000, 0x0000, 0x0000, 0x0000, 0x0000, 0x0000, 0x0000, 0x0000, 0x0000, 0x0000, 0x0000, 0x0000,
    0x0000, 0x0000, 0x0000, 0x0000, 0x0000, 0x0000, 0x0000, 0x0000, 0x0000, 0x0000, 0x0000, 0x0000,
    0x0000, 0x0000, 0x0000, 0x0000, 0x0000, 0x0000, 0x0000, 0x0000, 0x0000, 0x0000, 0x0000, 0x0000,
    0x0000, 0x0000, 0x0000, 0x0000, 0x0000, 0x0000, 0x0000, 0x0000, 0x0000, 0x0000, 0x0000, 0x0000,
    0x0000, 0x0000, 0x0000, 0x0000, 0x0000, 0x0000, 0x0000, 0x0000, 0x0000, 0x0000, 0x0000, 0x0000,
    0x0000, 0x0000, 0x0000, 0x0000, 0x0000, 0x0000, 0x0000, 0x0000, 0x0000, 0x0000, 0x0000, 0xC21A,
    0x8918, 0x0000, 0x0000, 0x0000, 0x0000, 0x0000, 0x0000, 0x0000, 0x0000, 0x0000, 0x0000, 0x0000,
    0x0000, 0x0000, 0x0000, 0x0000, 0x0000, 0x0000, 0x0000, 0x0000, 0x0000, 0x0000, 0x0000, 0x0000,
    0x0000, 0x0000, 0x0000, 0x0000, 0x0000, 0x0000, 0x0000, 0x0000, 0x0000, 0x0000, 0x0000, 0x0000,
    0x0000, 0x0000, 0x0000, 0x0000, 0x0000, 0x0000, 0x0000, 0x0000, 0x0000, 0x0000, 0x0000, 0x0000,
    0x0000, 0x0000, 0x0000, 0x0000, 0x0000, 0x0000, 0x0000, 0x0000, 0x0000, 0x0000, 0x0000, 0x0000,
    0x0000, 0x0000, 0x0000, 0x0000, 0x0000, 0x0000, 0x0000, 0x0000, 0x0000, 0x0000, 0x0000, 0x0000,
    0x0000, 0x0000, 0x0000, 0x0000, 0x0000, 0x0000, 0x0000, 0x0000, 0x0000, 0x0000, 0x0000, 0x0000,
    0x0000, 0x0000, 0x0000, 0x0000, 0x0000, 0x0000, 0x0000, 0x0000, 0x0000, 0x0000, 0x0000, 0x0000,
    0x0000, 0x0000, 0x0000, 0x0000, 0x0000, 0x0000, 0x0000, 0x0000, 0x0000, 0x0000, 0x0000, 0x0000,
    0x0000, 0x0000, 0x0000, 0x0000, 0x0000, 0x0000, 0x0000, 0x0000, 0x0000, 0x0000, 0x0000, 0x0000,
    0x0000, 0x0000, 0x0000, 0x0000, 0x0000, 0x0000, 0x0000, 0x0000, 0x0000, 0x0000, 0x0000, 0x0000,
    0x0000, 0x0000, 0x0000, 0x0000, 0x0000, 0x0000, 0x0000, 0x0000, 0x0000, 0x0000, 0x0000, 0x0000,
    0x0000, 0x0000, 0x0000, 0x0000, 0x0000, 0x0000, 0x0000, 0x0000, 0x0000, 0x0000, 0x0000, 0x0000,
    0x0000, 0x0000, 0x0000, 0x592D, 0x48EB, 0x0000, 0x0000, 0x0000, 0x0000, 0x0000, 0x0000, 0x0000,
    0x0000, 0x0000, 0x0000, 0x0000, 0x0000, 0x0000, 0x0000, 0x0000, 0x0000, 0x0000, 0x0000, 0x0000,
    0x0000, 0x0000, 0x0000, 0x0000, 0x0000, 0x0000, 0x0000, 0x0000, 0x0000, 0x0000, 0x0000, 0x0000,
    0x0000, 0x0000, 0x0000, 0x0000, 0x0000, 0x0000, 0x0000, 0x0000, 0x0000, 0x0000, 0x0000, 0x0000,
    0x0000, 0x0000, 0x0000, 0x0000, 0x0000, 0x0000, 0x0000, 0x0000, 0x0000, 0x0000, 0x0000, 0x0000,
    0x0000, 0x0000, 0x0000, 0x0000, 0x0000, 0x0000, 0x0000, 0x0000, 0x0000, 0x0000, 0x0000, 0x0000,
    0x0000, 0x0000, 0x0000, 0x0000, 0x0000, 0x0000, 0x0000, 0x0000, 0x0000, 0x0000, 0x0000, 0x0000,
    0x0000, 0x0000, 0x0000, 0x0000, 0x0000, 0x0000, 0x0000, 0x0000, 0x0000, 0x0000, 0x0000, 0x0000,
    0x0000, 0x0000, 0x0000, 0x0000, 0x0000, 0x0000, 0x0000, 0x0000, 0x0000, 0x0000, 0x0000, 0x0000,
    0x0000, 0x0000, 0x0000, 0x0000, 0x0000, 0x0000, 0x0000, 0x0000, 0x0000, 0x0000, 0x0000, 0x0000,
    0x0000, 0x0000, 0x0000, 0x0000, 0x0000, 0x0000, 0x0000, 0x0000, 0x0000, 0x0000, 0x0000, 0x0000,
    0x0000, 0x0000, 0x0000, 0x0000, 0x0000, 0x0000, 0x0000, 0x0000, 0x0000, 0x0000, 0x0000, 0x0000,
    0x0000, 0x0000, 0x0000, 0x0000, 0x0000, 0x0000, 0x0000, 0x0000, 0x0000, 0x0000, 0x0000, 0x0000,
    0x0000, 0x0000, 0x0000, 0x0000, 0x0000, 0x0000, 0x0000, 0x0000, 0x0000, 0x0000, 0x0000, 0x0000,
    0x0000, 0x0000, 0x0000, 0x0000, 0x0000, 0x0000, 0x0000, 0x0000, 0x0000, 0x0000, 0x0000, 0x0000,
    0x0000, 0x0000, 0x0000, 0x0000, 0x0000, 0x0000, 0x0000, 0x0000, 0x0000, 0x0000, 0x0000, 0x0000,
    0x0000, 0x0000, 0x0000, 0x0000, 0x0000, 0x0000, 0x0000, 0x0000, 0x0000, 0x0000, 0x0000, 0x0000,
    0x0000, 0x0000, 0x0000, 0x0000, 0x0000, 0x0000, 0x0000, 0x0000, 0x0000, 0x0000, 0x0000, 0x0000,
    0x0000, 0x0000, 0x0000, 0x0000, 0x0000, 0x0000, 0x0000, 0x0000, 0x0000, 0x0000, 0x0000, 0x0000,
    0x0000, 0x0000, 0x0000, 0x0000, 0x0000, 0x0000, 0x0000, 0x0000, 0x0000, 0x0000, 0x0000, 0x0000,
    0x0000, 0x0000, 0x0000, 0x0000, 0x0000, 0x0000, 0x0000, 0x0000, 0x0000, 0x0000, 0x0000, 0x0000,
    0x0000, 0x0000, 0x0000, 0x0000, 0x0000, 0x0000, 0x0000, 0x0000, 0x0000, 0x0000, 0x0000, 0x0000,
    0x0000, 0x0000, 0x0000, 0x0000, 0x0000, 0x0000, 0x0000, 0x0000, 0x0000, 0x0000, 0x0000, 0x0000,
    0x0000, 0x0000, 0x0000, 0x0000, 0x0000, 0x0000, 0x0000, 0x0000, 0x0000, 0x0000, 0x0000, 0x0000,
    0x0000, 0x0000, 0x0000, 0x0000, 0x0000, 0x0000, 0x0000, 0x0000, 0x0000, 0x0000, 0x0000, 0x0000,
    0x0000, 0x0000, 0x0000, 0x0000, 0x0000, 0x0000, 0x0000, 0x0000, 0x0000, 0x0000, 0x0000, 0x0000,
    0x0000, 0x0000, 0x0000, 0x0000, 0x0000, 0x0000, 0x0000, 0x0000, 0x0000, 0x0000, 0x0000, 0x0000,
    0x0000, 0x0000, 0x0000, 0x0000, 0x0000, 0x0000, 0x0000, 0x0000, 0x0000, 0x0000, 0x0000, 0x0000,
    0x0000, 0x0000, 0x0000, 0x0000, 0x0000, 0x0000, 0x0000, 0x0000, 0x0000, 0x0000, 0x0000, 0x0000,
    0x0000, 0x0000, 0x0000, 0x0000, 0x0000, 0x0000, 0x0000, 0x0000, 0x0000, 0x0000, 0x0000, 0x0000,
    0x0000, 0x0000, 0x0000, 0x0000, 0x0000, 0x0000, 0x0000, 0x0000, 0x0000, 0x0000, 0x0000, 0x0000,
    0x0000, 0x0000, 0x0000, 0x0000, 0x0000, 0x0000, 0x0000, 0x0000, 0x0000, 0x0000, 0x0000, 0x0000,
    0x0000, 0x0000, 0x0000, 0x0000, 0x0000, 0x0000, 0x0000, 0x0000, 0x0000, 0x0000, 0x0000, 0x0000,
    0x0000, 0x0000, 0x0000, 0x0000, 0x0000, 0x0000, 0x0000, 0x0000, 0x0000, 0x0000, 0x0000, 0x0000,
    0x0000, 0x0000, 0x0000, 0x0000, 0x0000, 0x0000, 0x0000, 0x0000, 0x0000, 0x0000, 0x0000, 0x0000,
    0x0000, 0x0000, 0x0000, 0x0000, 0x0000, 0x0000, 0x0000, 0x0000, 0x0000, 0x0000, 0x0000, 0x0000,
    0x0000, 0x0000, 0x0000, 0x0000, 0x0000, 0x0000, 0x0000, 0x0000, 0x0000, 0x0000, 0x0000, 0x0000,
    0x0000, 0x0000, 0x0000, 0x0000, 0x0000, 0x0000, 0x0000, 0x0000, 0x0000, 0x0000, 0x0000, 0x0000,
    0x0000, 0x0000, 0x0000, 0x0000, 0x0000, 0x0000, 0x0000, 0x0000, 0x0000, 0x0000, 0x0000, 0x0000,
    0x0000, 0x0000, 0x0000, 0x0000, 0x0000, 0x0000, 0x0000, 0x0000, 0x0000, 0x0000, 0x0000, 0x0000,
    0x0000, 0x0000, 0x0000, 0x0000, 0x0000, 0x0000, 0x0000, 0x0000, 0x0000, 0x0000, 0x0000, 0x0000,
    0x0000, 0x0000, 0x0000, 0x0000, 0x0000, 0x0000, 0x0000, 0x0000, 0x0000, 0x0000, 0x0000, 0x0000,
    0x0000, 0x0000, 0x0000, 0x0000, 0x0000, 0x0000, 0x0000, 0x0000, 0x0000, 0x0000, 0x0000, 0x0000,
    0x0000, 0x0000, 0x0000, 0x0000, 0x0000, 0x0000, 0x0000, 0x0000, 0x0000, 0x0000, 0x0000, 0x0000,
    0x0000, 0x0000, 0x0000, 0x0000, 0x0000, 0x0000, 0x0000, 0x0000, 0x0000, 0x0000, 0x0000, 0x0000,
    0x0000, 0x0000, 0x0000, 0x0000, 0x0000, 0x0000, 0x0000, 0x0000, 0x0000, 0x0000, 0x0000, 0x0000,
    0x0000, 0x0000, 0x0000, 0x0000, 0x0000, 0x0000, 0x0000, 0x0000, 0x0000, 0x0000, 0x0000, 0x0000,
    0x0000, 0x0000, 0x0000, 0x0000, 0x0000, 0x0000, 0x0000, 0x0000, 0x0000, 0x0000, 0x0000, 0x0000,
    0x0000, 0x0000, 0x0000, 0x0000, 0x0000, 0x0000, 0x0000, 0x0000, 0x0000, 0x0000, 0x0000, 0x0000,
    0x0000, 0x0000, 0x0000, 0x0000, 0x0000, 0x0000, 0x0000, 0x0000, 0x0000, 0x0000, 0x0000, 0x0000,
    0x0000, 0x0000, 0x0000, 0x0000, 0x0000, 0x0000, 0x0000, 0x0000, 0x0000, 0x0000, 0x0000, 0x0000,
    0x0000, 0x0000, 0x0000, 0x0000, 0x0000, 0x0000, 0x0000, 0x0000, 0x0000, 0x0000, 0x0000, 0x0000,
    0x0000, 0x0000, 0x0000, 0x0000, 0x0000, 0x0000, 0x0000, 0x0000, 0x0000, 0x0000, 0x0000, 0x0000,
    0x0000, 0x0000, 0x0000, 0x0000, 0x0000, 0x0000, 0x0000, 0x0000, 0x0000, 0x0000, 0x0000, 0x0000,
    0x0000, 0x0000, 0x0000, 0x0000, 0x0000, 0x0000, 0x0000, 0x0000, 0x0000, 0x0000, 0x0000, 0x0000,
    0x0000, 0x0000, 0x0000, 0x0000, 0x0000, 0x0000, 0x0000, 0x0000, 0x0000, 0x0000, 0x0000, 0x0000,
    0x0000, 0x0000, 0x0000, 0x0000, 0x0000, 0x0000, 0x0000, 0x0000, 0x0000, 0x0000, 0x0000, 0x0000,
    0x0000, 0x0000, 0x0000, 0x0000, 0x0000, 0x0000, 0x0000, 0x0000, 0x0000, 0x0000, 0x0000, 0x0000,
    0x0000, 0x0000, 0x0000, 0x0000, 0x0000, 0x0000, 0x0000, 0x0000, 0x0000, 0x0000, 0x0000, 0x0000,
    0x0000, 0x0000, 0x0000, 0x0000, 0x0000, 0x0000, 0x0000, 0x0000, 0x0000, 0x0000, 0x0000, 0x0000,
    0x0000, 0x0000, 0x0000, 0x0000, 0x0000, 0x0000, 0x0000, 0x0000, 0x0000, 0x0000, 0x0000, 0x0000,
    0x0000, 0x0000, 0x0000, 0x0000, 0x0000, 0x0000, 0x0000, 0x0000, 0x0000, 0x0000, 0x0000, 0x0000,
    0x0000, 0x0000, 0x0000, 0x0000, 0x0000, 0x0000, 0x0000, 0x0000, 0x0000, 0x0000, 0x0000, 0x0000,
    0x0000, 0x0000, 0x0000, 0x0000, 0x0000, 0x0000, 0x0000, 0x0000, 0x0000, 0x0000, 0x0000, 0x0000,
    0x0000, 0x0000, 0x0000, 0x0000, 0x0000, 0x0000, 0x0000, 0x0000, 0x0000, 0x0000, 0x0000, 0x0000,
    0x0000, 0x0000, 0x0000, 0x0000, 0x0000, 0x0000, 0x0000, 0x0000, 0x0000, 0x0000, 0x0000, 0x0000,
    0x0000, 0x0000, 0x0000, 0x0000, 0x0000, 0x0000, 0x0000, 0x0000, 0x0000, 0x0000, 0x0000, 0x0000,
    0x0000, 0x0000, 0x0000, 0x0000, 0x0000, 0x0000, 0x0000, 0x0000, 0x0000, 0x0000, 0x0000, 0x0000,
    0x0000, 0x0000, 0x0000, 0x0000, 0x0000, 0x0000, 0x0000, 0x0000, 0x0000, 0x0000, 0x0000, 0x0000,
    0x0000, 0x0000, 0x0000, 0x0000, 0x0000, 0x0000, 0x0000, 0x0000, 0x0000, 0x0000, 0x0000, 0x0000,
    0x0000, 0x0000, 0x0000, 0x0000, 0x0000, 0x0000, 0x0000, 0x0000, 0x0000, 0x0000, 0x0000, 0x0000,
    0x0000, 0x0000, 0x0000, 0x0000, 0x0000, 0x0000, 0x0000, 0x0000, 0x0000, 0x0000, 0x0000, 0x0000,
    0x0000, 0x0000, 0x0000, 0x0000, 0x0000, 0x0000, 0x0000, 0x0000, 0x0000, 0x0000, 0x0000, 0x0000,
    0x0000, 0x0000, 0x0000, 0x0000, 0x0000, 0x0000, 0x0000, 0x0000, 0x0000, 0x0000, 0x0000, 0x0000,
    0x0000, 0x0000, 0x0000, 0x0000, 0x0000, 0x0000, 0x0000, 0x0000, 0x0000, 0x0000, 0x0000, 0x0000,
    0x0000, 0x0000, 0x0000, 0x0000, 0x0000, 0x0000, 0x0000, 0x0000, 0x0000, 0x0000, 0x0000, 0x0000,
    0x0000, 0x0000, 0x0000, 0x0000, 0x0000, 0x0000, 0x0000, 0x0000, 0x0000, 0x0000, 0x0000, 0x0000,
    0x0000, 0x0000, 0x0000, 0x0000, 0x0000, 0x0000, 0x0000, 0x0000, 0x0000, 0x0000, 0x0000, 0x0000,
    0x0000, 0x0000, 0x0000, 0x0000, 0x0000, 0x0000, 0x0000, 0x0000, 0x0000, 0x0000, 0x0000, 0x0000,
    0x0000, 0x0000, 0x0000, 0x0000, 0x0000, 0x0000, 0x0000, 0x0000, 0x0000, 0x0000, 0x0000, 0x0000,
    0x0000, 0x0000, 0x0000, 0x0000, 0x0000, 0x0000, 0x0000, 0x0000, 0x0000, 0x0000, 0x0000, 0x0000,
    0x0000, 0x0000, 0x0000, 0x0000, 0x0000, 0x0000, 0x0000, 0x0000, 0x0000, 0x0000, 0x0000, 0x0000,
    0x0000, 0x0000, 0x0000, 0x0000, 0x0000, 0x0000, 0x0000, 0x0000, 0x0000, 0x0000, 0x0000, 0x0000,
    0x0000, 0x0000, 0x0000, 0x0000, 0x0000, 0x0000, 0x0000, 0x0000, 0x0000, 0x0000, 0x0000, 0x0000,
    0x0000, 0x0000, 0x0000, 0x0000, 0x0000, 0x0000, 0x0000, 0x0000, 0x0000, 0x0000, 0x0000, 0x0000,
    0x0000, 0x0000, 0x0000, 0x0000, 0x0000, 0x0000, 0x0000, 0x0000, 0x0000, 0x0000, 0x0000, 0x0000,
    0x0000, 0x0000, 0x0000, 0x0000, 0x0000, 0x0000, 0x0000, 0x0000, 0x0000, 0x0000, 0x0000, 0x0000,
    0x0000, 0x0000, 0x0000, 0x0000, 0x0000, 0x0000, 0x0000, 0x0000, 0x0000, 0x0000, 0x0000, 0x0000,
    0x0000, 0x0000, 0x0000, 0x0000, 0x0000, 0x0000, 0x0000, 0x0000, 0x0000, 0x0000, 0x0000, 0x0000,
    0x0000, 0x0000, 0x0000, 0x0000, 0x0000, 0x0000, 0x0000, 0x0000, 0x0000, 0x0000, 0x0000, 0x0000,
    0x0000, 0x0000, 0x0000, 0x0000, 0x0000, 0x0000, 0x0000, 0x0000, 0x0000, 0x0000, 0x0000, 0x0000,
    0x0000, 0x0000, 0x0000, 0x0000, 0x0000, 0x0000, 0x0000, 0x0000, 0x0000, 0x0000, 0x0000, 0x0000,
    0x0000, 0x0000, 0x0000, 0x0000, 0x0000, 0x0000, 0x0000, 0x0000, 0x0000, 0x0000, 0x0000, 0x0000,
    0x0000, 0x0000, 0x0000, 0x0000, 0x0000, 0x0000, 0x0000, 0x0000, 0x0000, 0x0000, 0x0000, 0x0000,
    0x0000, 0x0000, 0x0000, 0x0000, 0x0000, 0x0000, 0x0000, 0x0000, 0x0000, 0x0000, 0x0000, 0x0000,
    0x0000, 0x0000, 0x0000, 0x0000, 0x0000, 0x0000, 0x0000, 0x0000, 0x0000, 0x0000, 0x0000, 0x0000,
    0x0000, 0x0000, 0x0000, 0x0000, 0x0000, 0x0000, 0x0000, 0x0000, 0x0000, 0x0000, 0x0000, 0x0000,
    0x0000, 0x0000, 0x0000, 0x0000, 0x0000, 0x0000, 0x0000, 0x0000, 0x0000, 0x0000, 0x0000, 0x0000,
    0x0000, 0x0000, 0x0000, 0x0000, 0x0000, 0x0000, 0x0000, 0x0000, 0x0000, 0x0000, 0x0000, 0x0000,
    0x0000, 0x0000, 0x0000, 0x0000, 0x0000, 0x0000, 0x0000, 0x0000, 0x0000, 0x0000, 0x0000, 0x0000,
    0x0000, 0x0000, 0x0000, 0x0000, 0x0000, 0x0000, 0x0000, 0x0000, 0x0000, 0x0000, 0x0000, 0x0000,
    0x0000, 0x0000, 0x0000, 0x0000, 0x0000, 0x0000, 0x0000, 0x0000, 0x0000, 0x0000, 0x0000, 0x0000,
    0x0000, 0x0000, 0x0000, 0x0000, 0x0000, 0x0000, 0x0000, 0x0000, 0x0000, 0x0000, 0x0000, 0x0000,
    0x0000, 0x0000, 0x0000, 0x0000, 0x0000, 0x0000, 0x0000, 0x0000, 0x0000, 0x0000, 0x0000, 0x0000,
    0x0000, 0x0000, 0x0000, 0x0000, 0x0000, 0x0000, 0x0000, 0x0000, 0x0000, 0x0000, 0x0000, 0x0000,
    0x0000, 0x0000, 0x0000, 0x0000, 0x0000, 0x0000, 0x0000, 0x0000, 0x0000, 0x0000, 0x0000, 0x0000,
    0x0000, 0x0000, 0x0000, 0x0000, 0x0000, 0x0000, 0x0000, 0x0000, 0x0000, 0x0000, 0x0000, 0x0000,
    0x0000, 0x0000, 0x0000, 0x0000, 0x0000, 0x0000, 0x0000, 0x0000, 0x0000, 0x0000, 0x0000, 0x0000,
    0x0000, 0x0000, 0x0000, 0x0000, 0x0000, 0x0000, 0x0000, 0x0000, 0x0000, 0x0000, 0x0000, 0x0000,
    0x0000, 0x0000, 0x0000, 0x0000, 0x0000, 0x0000, 0x0000, 0x0000, 0x0000, 0x0000, 0x0000, 0x0000,
    0x0000, 0x0000, 0x0000, 0x0000, 0x0000, 0x0000, 0x0000, 0x0000, 0x0000, 0x0000, 0x0000, 0x0000,
    0x0000, 0x0000, 0x0000, 0x0000, 0x0000, 0x0000, 0x0000, 0x0000, 0x0000, 0x0000, 0x0000, 0x0000,
    0x0000, 0x0000, 0x0000, 0x0000, 0x0000, 0x0000, 0x0000, 0x0000, 0x0000, 0x0000, 0x0000, 0x0000,
    0x0000, 0x0000, 0x0000, 0x0000, 0x0000, 0x0000, 0x0000, 0x0000, 0x0000, 0x0000, 0x0000, 0x0000,
    0x0000, 0x0000, 0x0000, 0x0000, 0x0000, 0x0000, 0x0000, 0x0000, 0x0000, 0x0000, 0x0000, 0x0000,
    0x0000, 0x0000, 0x0000, 0x0000, 0x0000, 0x0000, 0x0000, 0x0000, 0x0000, 0x0000, 0x0000, 0x0000,
    0x0000, 0x0000, 0x0000, 0x0000, 0x0000, 0x0000, 0x0000, 0x0000, 0x0000, 0x0000, 0x0000, 0x0000,
    0x0000, 0x0000, 0x0000, 0x0000, 0x0000, 0x0000, 0x0000, 0x0000, 0x0000, 0x0000, 0x0000, 0x0000,
    0x0000, 0x0000, 0x0000, 0x0000, 0x0000, 0x0000, 0x0000, 0x0000, 0x0000, 0x0000, 0x0000, 0x0000,
    0x0000, 0x0000, 0x0000, 0x0000, 0x0000, 0x0000, 0x0000, 0x0000, 0x0000, 0x0000, 0x0000, 0x0000,
    0x0000, 0x0000, 0x0000, 0x0000, 0x0000, 0x0000, 0x0000, 0x0000, 0x0000, 0x0000, 0x0000, 0x0000,
    0x0000, 0x0000, 0x0000, 0x0000, 0x0000, 0x0000, 0x0000, 0x0000, 0x0000, 0x0000, 0x0000, 0x0000,
    0x0000, 0x0000, 0x0000, 0x0000, 0x0000, 0x0000, 0x0000, 0x0000, 0x0000, 0x0000, 0x0000, 0x0000,
    0x0000, 0x0000, 0x0000, 0x0000, 0x0000, 0x0000, 0x0000, 0x0000, 0x0000, 0x0000, 0x0000, 0x0000,
    0x0000, 0x0000, 0x0000, 0x0000, 0x0000, 0x0000, 0x0000, 0x0000, 0x0000, 0x0000, 0x0000, 0x0000,
    0x0000, 0x0000, 0x0000, 0x0000, 0x0000, 0x0000, 0x0000, 0x0000, 0x0000, 0x0000, 0x0000, 0x0000,
    0x0000, 0x0000, 0x0000, 0x0000, 0x0000, 0x0000, 0x0000, 0x0000, 0x0000, 0x0000, 0x0000, 0x0000,
    0x0000, 0x0000, 0x0000, 0x0000, 0x0000, 0x0000, 0x0000, 0x0000, 0x0000, 0x0000, 0x0000, 0x0000,
    0x0000, 0x0000, 0x0000, 0x0000, 0x0000, 0x0000, 0x0000, 0x0000, 0x0000, 0x0000, 0x0000, 0x0000,
    0x0000, 0x0000, 0x0000, 0x0000, 0x0000, 0x0000, 0x0000, 0x0000, 0x0000, 0x0000, 0x0000, 0x0000,
    0x0000, 0x0000, 0x0000, 0x0000, 0x0000, 0x0000, 0x0000, 0x0000, 0x0000, 0x0000, 0x0000, 0x0000,
    0x0000, 0x0000, 0x0000, 0x0000, 0x0000, 0x0000, 0x0000, 0x0000, 0x0000, 0x0000, 0x0000, 0x0000,
    0x0000, 0x0000, 0x0000, 0x0000, 0x0000, 0x0000, 0x0000, 0x0000, 0x0000, 0x0000, 0x0000, 0x0000,
    0x0000, 0x0000, 0x0000, 0x0000, 0x0000, 0x0000, 0x0000, 0x0000, 0x0000, 0x0000, 0x0000, 0x0000,
    0x0000, 0x0000, 0x0000, 0x0000, 0x0000, 0x0000, 0x0000, 0x0000, 0x0000, 0x0000, 0x0000, 0x0000,
    0x0000, 0x0000, 0x0000, 0x0000, 0x0000, 0x0000, 0x0000, 0x0000, 0x0000, 0x0000, 0x0000, 0x0000,
    0x0000, 0x0000, 0x0000, 0x0000, 0x0000, 0x0000, 0x0000, 0x0000, 0x0000, 0x0000, 0x0000, 0x0000,
    0x0000, 0x0000, 0x0000, 0x0000, 0x0000, 0x0000, 0x0000, 0x0000, 0x0000, 0x0000, 0x0000, 0x0000,
    0x0000, 0x0000, 0x0000, 0x0000, 0x0000, 0x0000, 0x0000, 0x0000, 0x0000, 0x0000, 0x0000, 0x0000,
    0x0000, 0x0000, 0x0000, 0x0000, 0x0000, 0x0000, 0x0000, 0x0000, 0x0000, 0x0000, 0x0000, 0x0000,
    0x0000, 0x0000, 0x0000, 0x0000,
};